,Training episodes,Reward
0,20,-10618.22890625
1,40,-10602.59171875
2,60,-10628.5415
3,80,-10620.854449999999
4,100,-10521.395278749998
5,120,-10355.33512925
6,140,-10218.79357215
7,160,-9986.36642022
8,180,-9691.760323676
9,200,-9407.6904464408
10,220,-9124.92110715264
11,240,-8881.449541972112
12,260,-8669.19807107769
13,280,-8485.406425612151
14,300,-8321.84482798972
15,320,-8176.156174891777
16,340,-8048.5411899134215
17,360,-7923.838889430737
18,380,-7821.76423654459
19,400,-7726.000607985672
20,420,-7632.977986388538
21,440,-7548.95817036083
22,460,-7470.108567538664
23,480,-7405.00591653093
24,500,-7334.958170724744
25,520,-7279.812005329795
26,540,-7238.615541763836
27,560,-7195.723370911069
28,580,-7162.496977978854
29,600,-7131.444457383083
30,620,-7104.2438471564665
31,640,-7086.075233975173
32,660,-7069.120343430139
33,680,-7050.7903372441115
34,700,-7038.966019795289
35,720,-7026.522503336231
36,740,-7016.166127668986
37,760,-7007.100245885188
38,780,-6998.779571708151
39,800,-6991.76303236652
40,820,-6988.928082143217
41,840,-6991.109653214573
42,860,-6992.282722571658
43,880,-6996.410709307326
44,900,-7000.131536195861
45,920,-7002.032728956689
46,940,-7009.916026915352
47,960,-7024.718759032282
48,980,-7036.576882225825
49,1000,-7046.883537030661
50,1020,-7053.333860874529
51,1040,-7060.430369949623
52,1060,-7065.940545959698
53,1080,-7069.927280517759
54,1100,-7071.624011914207
55,1120,-7072.684053281366
56,1140,-7076.224117625093
57,1160,-7083.001012850074
58,1180,-7090.95440403006
59,1200,-7100.084148224048
60,1220,-7106.942787329238
61,1240,-7114.268136113391
62,1260,-7122.657946390713
63,1280,-7128.979638362571
64,1300,-7133.339023190057
65,1320,-7140.7601248020455
66,1340,-7148.699193591636
67,1360,-7156.720917373309
68,1380,-7163.575796398647
69,1400,-7169.558449618918
70,1420,-7173.106603445134
71,1440,-7177.800595256108
72,1460,-7181.654069954886
73,1480,-7181.192943463909
74,1500,-7180.170448521127
75,1520,-7178.035890066902
76,1540,-7176.328243303522
77,1560,-7175.728375892818
78,1580,-7174.9755132142545
79,1600,-7174.126816821404
80,1620,-7176.812078457123
81,1640,-7178.480131515698
82,1660,-7179.270042712558
83,1680,-7179.630565420047
84,1700,-7180.798202336038
85,1720,-7182.68074936883
86,1740,-7183.0595994950645
87,1760,-7183.9356483460515
88,1780,-7185.524143676841
89,1800,-7186.794939941473
90,1820,-7190.362826953178
91,1840,-7192.863230312542
92,1860,-7195.265896750034
93,1880,-7194.267561150027
94,1900,-7193.592330170021
95,1920,-7192.385426636018
96,1940,-7192.718497558814
97,1960,-7192.235891797051
98,1980,-7190.169963437641
99,2000,-7184.306752000113
100,2020,-7179.28571410009
101,2040,-7175.268883780072
102,2060,-7173.007919524058
103,2080,-7171.7052418692465
104,2100,-7170.199037245397
105,2120,-7168.731261046318
106,2140,-7167.557040087055
107,2160,-7165.472350819644
108,2180,-7161.033349405716
109,2200,-7157.223398274573
110,2220,-7153.388718619658
111,2240,-7149.331131145726
112,2260,-7146.052873666582
113,2280,-7146.410736433266
114,2300,-7147.876245396613
115,2320,-7148.096777567291
116,2340,-7147.951328303832
117,2360,-7149.078718893066
118,2380,-7151.361100114453
119,2400,-7154.068723841562
120,2420,-7151.84966657325
121,2440,-7153.8298895086
122,2460,-7157.27500535688
123,2480,-7155.169223035504
124,2500,-7155.372097178403
125,2520,-7154.171427742723
126,2540,-7155.045110944178
127,2560,-7153.983901255343
128,2580,-7154.3130585042745
129,2600,-7153.88638430342
130,2620,-7153.516294942736
131,2640,-7153.220223454189
132,2660,-7151.365710013351
133,2680,-7150.781786760681
134,2700,-7150.3146481585445
135,2720,-7152.159531026836
136,2740,-7152.574968571469
137,2760,-7152.702943607175
138,2780,-7153.3898548857405
139,2800,-7153.019696408592
140,2820,-7152.515444626873
141,2840,-7149.6551682015
142,2860,-7148.7211658112
143,2880,-7147.8509951489605
144,2900,-7147.239233619168
145,2920,-7146.749824395334
146,2940,-7143.886890766267
147,2960,-7139.286543863014
148,2980,-7136.630797590411
149,3000,-7134.612763072329
150,3020,-7131.825835457863
151,3040,-7132.663012116291
152,3060,-7133.503690943033
153,3080,-7135.439046504426
154,3100,-7136.920768453541
155,3120,-7141.408489762834
156,3140,-7145.123666810267
157,3160,-7145.921902198214
158,3180,-7151.7328342585715
159,3200,-7152.929236156858
160,3220,-7159.377607675487
161,3240,-7166.18786739039
162,3260,-7168.852168912312
163,3280,-7170.58157887985
164,3300,-7171.073544353881
165,3320,-7173.259929233104
166,3340,-7175.638099636483
167,3360,-7175.675167209187
168,3380,-7175.63060251735
169,3400,-7176.14088826388
170,3420,-7175.255679361104
171,3440,-7173.796730988883
172,3460,-7174.272541041107
173,3480,-7173.971001582886
174,3500,-7172.981488766309
175,3520,-7169.353472263047
176,3540,-7165.955590310437
177,3560,-7160.95509724835
178,3580,-7154.764859048681
179,3600,-7148.155168488945
180,3620,-7142.867416041156
181,3640,-7136.905339082925
182,3660,-7130.28692751634
183,3680,-7122.581885763072
184,3700,-7120.548164860458
185,3720,-7120.451656888366
186,3740,-7120.730544260694
187,3760,-7117.821466658555
188,3780,-7114.313267076845
189,3800,-7110.572332411476
190,3820,-7107.875053429181
191,3840,-7106.170980243345
192,3860,-7106.7820966946765
193,3880,-7103.988021105742
194,3900,-7099.457916884594
195,3920,-7094.786646007675
196,3940,-7087.30181680614
197,3960,-7084.257078444912
198,3980,-7081.434256505929
199,4000,-7081.3467802047435
200,4020,-7081.899767913796
201,4040,-7078.751220581037
202,4060,-7074.38738271483
203,4080,-7071.938656171865
204,4100,-7068.501237437491
205,4120,-7061.204427449993
206,4140,-7054.011510709994
207,4160,-7051.149364817995
208,4180,-7047.131991854396
209,4200,-7041.534187233517
210,4220,-7036.360474786813
211,4240,-7031.509317329451
212,4260,-7026.645110113561
213,4280,-7023.298744340849
214,4300,-7021.226182972679
215,4320,-7020.738915128144
216,4340,-7020.953944602516
217,4360,-7016.786124432012
218,4380,-7012.1646807956095
219,4400,-7008.975025886488
220,4420,-7005.7322082091905
221,4440,-7003.184204067353
222,4460,-7000.662832003882
223,4480,-6999.727453103105
224,4500,-6995.138524982483
225,4520,-6994.616757485987
226,4540,-6994.4332497387895
227,4560,-6992.567068541032
228,4580,-6992.962248582826
229,4600,-6993.55292386626
230,4620,-6991.962495343008
231,4640,-6988.917027524407
232,4660,-6983.410340769526
233,4680,-6979.163897615621
234,4700,-6978.710180592498
235,4720,-6978.405175723998
236,4740,-6982.188515579198
237,4760,-6983.602687463358
238,4780,-6981.763399970686
239,4800,-6980.314938726549
240,4820,-6977.70804473124
241,4840,-6976.493623284992
242,4860,-6975.462398627994
243,4880,-6974.598825152395
244,4900,-6973.3285913719155
245,4920,-6973.508810597532
246,4940,-6973.559392228025
247,4960,-6971.5454825324205
248,4980,-6969.089042275937
249,5000,-6965.151077570749
250,5020,-6960.463987056599
251,5040,-6956.671658395279
252,5060,-6953.263732966224
253,5080,-6951.258798872979
254,5100,-6946.984539098384
255,5120,-6942.1362250287075
256,5140,-6938.509292522966
257,5160,-6934.898527768373
258,5180,-6930.875228464698
259,5200,-6928.263307771758
260,5220,-6926.222208717407
261,5240,-6924.812610723926
262,5260,-6923.769151079141
263,5280,-6926.940320863312
264,5300,-6930.33694419065
265,5320,-6930.187680352519
266,5340,-6927.925300532015
267,5360,-6928.863677925612
268,5380,-6929.80562984049
269,5400,-6932.897785122392
270,5420,-6934.7654155979135
271,5440,-6935.781082478331
272,5460,-6935.598459732665
273,5480,-6932.846736536132
274,5500,-6928.756451728906
275,5520,-6923.648442633124
276,5540,-6919.8471916065
277,5560,-6915.9486907852
278,5580,-6916.28129637816
279,5600,-6917.063318352528
280,5620,-6917.293154682023
281,5640,-6918.428117495619
282,5660,-6916.407025246494
283,5680,-6916.925776447195
284,5700,-6916.438433657756
285,5720,-6911.863246926205
286,5740,-6908.481847540964
287,5760,-6904.345478032771
288,5780,-6899.825601176217
289,5800,-6895.950637190973
290,5820,-6892.028166002779
291,5840,-6891.019876552223
292,5860,-6890.174182491778
293,5880,-6890.900595993422
294,5900,-6892.763914294737
295,5920,-6892.1892564357895
296,5940,-6888.403748898632
297,5960,-6885.6715928689055
298,5980,-6882.986180545125
299,6000,-6882.0636319361
300,6020,-6882.23153054888
301,6040,-6883.520536939104
302,6060,-6882.631585801283
303,6080,-6881.850893641026
304,6100,-6880.22415241282
305,6120,-6878.736665680256
306,6140,-6880.355270044205
307,6160,-6879.998591035364
308,6180,-6881.707779078291
309,6200,-6880.583879512634
310,6220,-6879.766322360107
311,6240,-6878.499776638086
312,6260,-6879.594196310469
313,6280,-6880.710825798375
314,6300,-6881.755691888699
315,6320,-6884.737053510959
316,6340,-6887.834799058768
317,6360,-6888.132370497015
318,6380,-6890.112927647611
319,6400,-6894.327217118089
320,6420,-6898.077711194471
321,6440,-6899.356231455577
322,6460,-6902.436703914461
323,6480,-6905.899363131569
324,6500,-6908.021053005255
325,6520,-6909.576842404204
326,6540,-6907.701786423364
327,6560,-6907.212366638691
328,6580,-6906.130049560953
329,6600,-6905.489508398762
330,6620,-6907.37520046901
331,6640,-6912.828285375208
332,6660,-6916.273409550166
333,6680,-6921.9548213901335
334,6700,-6923.992138362107
335,6720,-6924.582929439685
336,6740,-6924.166187301748
337,6760,-6923.393418591399
338,6780,-6924.465828623119
339,6800,-6923.324537898496
340,6820,-6922.584630318797
341,6840,-6921.097235505038
342,6860,-6923.1868509040305
343,6880,-6924.839168223224
344,6900,-6927.18852207858
345,6920,-6929.688473912864
346,6940,-6931.176091630291
347,6960,-6928.874623304233
348,6980,-6925.370323643387
349,7000,-6922.99407141471
350,7020,-6921.535257131767
351,7040,-6918.743674455414
352,7060,-6922.987908314331
353,7080,-6925.899232901465
354,7100,-6930.752667571172
355,7120,-6939.7504153069385
356,7140,-6939.921269745551
357,7160,-6941.133422046441
358,7180,-6942.843925137153
359,7200,-6944.558890109723
360,7220,-6942.004924587778
361,7240,-6945.817377170222
362,7260,-6949.420932986178
363,7280,-6950.569871388942
364,7300,-6951.7369908611545
365,7320,-6955.299123938923
366,7340,-6961.286017901139
367,7360,-6963.6533455709105
368,7380,-6962.998457706728
369,7400,-6966.194859915382
370,7420,-6979.831200432305
371,7440,-6989.780585345844
372,7460,-7008.076812026675
373,7480,-7019.03176212134
374,7500,-7026.1575971970715
375,7520,-7034.963421507657
376,7540,-7045.090112206126
377,7560,-7067.7120897649
378,7580,-7087.31889056192
379,7600,-7108.6366749495355
380,7620,-7141.186371209628
381,7640,-7180.013471967703
382,7660,-7209.331402574162
383,7680,-7232.539028309329
384,7700,-7254.564035147463
385,7720,-7270.128571867971
386,7740,-7284.4172324943775
387,7760,-7306.403160995502
388,7780,-7332.195185046401
389,7800,-7346.846929287121
390,7820,-7394.512230929697
391,7840,-7476.4708784937575
392,7860,-7552.830921545006
393,7880,-7641.892549736005
394,7900,-7696.701852288804
395,7920,-7758.530231831043
396,7940,-7863.892466714835
397,7960,-7947.8944421218675
398,7980,-8060.705553697495
399,8000,-8160.260536707996
400,8020,-8261.684523116397
401,8040,-8391.256680993118
402,8060,-8522.558001044494
403,8080,-8672.057494585595
404,8100,-8820.641933168476
405,8120,-8998.741984034781
406,8140,-9156.946712227826
407,8160,-9323.25643228226
408,8180,-9484.882333325808
409,8200,-9681.272272910646
410,8220,-9861.793287078517
411,8240,-10032.499160912814
412,8260,-10182.143859980251
413,8280,-10338.2329004842
414,8300,-10486.20163288736
415,8320,-10635.852243809888
416,8340,-10767.275701297911
417,8360,-10894.494936038329
418,8380,-11007.535948830664
419,8400,-11120.41875906453
420,8420,-11227.543444751624
421,8440,-11336.7594433013
422,8460,-11441.55349214104
423,8480,-11530.100449962832
424,8500,-11615.343484970266
425,8520,-11689.662444226213
426,8540,-11759.05761163097
427,8560,-11821.700308054775
428,8580,-11884.78571519382
429,8600,-11942.936540905055
430,8620,-11992.853763974043
431,8640,-12043.074886179233
432,8660,-12088.703502693386
433,8680,-12130.501239654708
434,8700,-12169.321147973766
435,8720,-12205.135199629014
436,8740,-12235.38190970321
437,8760,-12261.744746512568
438,8780,-12283.531109710053
439,8800,-12302.145356518044
440,8820,-12319.037378964435
441,8840,-12332.860371921548
442,8860,-12344.930172537239
443,8880,-12356.735856779791
444,8900,-12366.180404173832
445,8920,-12373.736042089065
446,8940,-12380.381333671254
447,8960,-12386.206160687003
448,8980,-12390.866022299602
449,9000,-12394.593911589682
450,9020,-12397.576223021744
451,9040,-12399.962072167395
452,9060,-12402.545282733916
453,9080,-12404.611851187134
454,9100,-12406.265105949708
455,9120,-12407.587709759766
456,9140,-12408.645792807813
457,9160,-12409.49225924625
458,9180,-12410.169432397
459,9200,-12410.7111709176
460,9220,-12411.144561734081
461,9240,-12411.491274387265
462,9260,-12411.768644509812
463,9280,-12411.990540607849
464,9300,-12412.168057486278
465,9320,-12412.310070989022
466,9340,-12412.423681791219
467,9360,-12412.514570432975
468,9380,-12412.587281346381
469,9400,-12412.645450077105
470,9420,-12412.691985061685
471,9440,-12412.729213049348
472,9460,-12412.758995439479
473,9480,-12412.782821351584
474,9500,-12412.801882081267
475,9520,-12412.817130665013
476,9540,-12412.82932953201
477,9560,-12412.83908862561
478,9580,-12412.846895900488
479,9600,-12412.85314172039
480,9620,-12412.858138376312
481,9640,-12412.86213570105
482,9660,-12412.865333560841
483,9680,-12412.867891848673
484,9700,-12412.869938478938
485,9720,-12412.87157578315
486,9740,-12412.87288562652
487,9760,-12412.873933501216
488,9780,-12412.874771800973
489,9800,-12412.875442440778
490,9820,-12412.875978952623
491,9840,-12412.8764081621
492,9860,-12412.87675152968
493,9880,-12412.877026223745
494,9900,-12412.877245978996
495,9920,-12412.877421783198
496,9940,-12412.877562426558
497,9960,-12412.877674941246
498,9980,-12412.877764952997
499,10000,-12412.877836962398
500,10020,-12412.877894569918
501,10040,-12412.877940655935
502,10060,-12412.877977524748
503,10080,-12412.878007019799
504,10100,-12412.878030615839
505,10120,-12412.87804949267
506,10140,-12412.878064594137
507,10160,-12412.87807667531
508,10180,-12412.878086340248
509,10200,-12412.878094072199
510,10220,-12412.87810025776
511,10240,-12412.878105206208
512,10260,-12412.878109164967
513,10280,-12412.878112331973
514,10300,-12412.878114865578
515,10320,-12412.878116892463
516,10340,-12412.87811851397
517,10360,-12412.878119811177
518,10380,-12412.878120848942
519,10400,-12412.878121679154
520,10420,-12412.878122343323
521,10440,-12412.87812287466
522,10460,-12412.878123299728
523,10480,-12412.878123639783
524,10500,-12412.878123911827
525,10520,-12412.878124129462
526,10540,-12412.87812430357
527,10560,-12412.878124442856
528,10580,-12412.878124554285
529,10600,-12412.878124643428
530,10620,-12412.878124714744
531,10640,-12412.878124771794
532,10660,-12412.878124817436
533,10680,-12412.878124853949
534,10700,-12412.87812488316
535,10720,-12412.878124906529
536,10740,-12412.878124925222
537,10760,-12412.878124940178
538,10780,-12412.878124952143
539,10800,-12412.878124961715
540,10820,-12412.878124969373
541,10840,-12412.8781249755
542,10860,-12412.8781249804
543,10880,-12412.87812498432
544,10900,-12412.878124987456
545,10920,-12412.878124989964
546,10940,-12412.878124991972
547,10960,-12412.878124993578
548,10980,-12412.878124994862
549,11000,-12412.87812499589
550,11020,-12412.878124996712
551,11040,-12412.87812499737
552,11060,-12412.878124997897
553,11080,-12412.878124998317
554,11100,-12412.878124998653
555,11120,-12412.878124998922
556,11140,-12412.878124999139
557,11160,-12412.878124999312
558,11180,-12412.87812499945
559,11200,-12412.87812499956
560,11220,-12412.878124999648
561,11240,-12412.87812499972
562,11260,-12412.878124999776
563,11280,-12412.878124999821
564,11300,-12412.878124999857
565,11320,-12412.878124999886
566,11340,-12412.87812499991
567,11360,-12412.878124999928
568,11380,-12412.878124999943
569,11400,-12412.878124999954
570,11420,-12412.878124999963
571,11440,-12412.87812499997
572,11460,-12412.878124999976
573,11480,-12412.878124999981
574,11500,-12412.878124999985
575,11520,-12412.878124999988
576,11540,-12412.87812499999
577,11560,-12412.878124999992
578,11580,-12412.878124999994
579,11600,-12412.878124999996
580,11620,-12412.878124999997
581,11640,-12412.878124999997
582,11660,-12412.878124999997
583,11680,-12412.878124999997
584,11700,-12412.878124999997
585,11720,-12412.878124999997
586,11740,-12412.878124999997
587,11760,-12412.878124999997
588,11780,-12412.878124999997
589,11800,-12412.878124999997
590,11820,-12412.878124999997
591,11840,-12412.878124999997
592,11860,-12412.878124999997
593,11880,-12412.878124999997
594,11900,-12412.878124999997
595,11920,-12412.878124999997
596,11940,-12412.878124999997
597,11960,-12412.878124999997
598,11980,-12412.878124999997
599,12000,-12412.878124999997
600,12020,-12412.878124999997
601,12040,-12412.878124999997
602,12060,-12412.878124999997
603,12080,-12412.878124999997
604,12100,-12412.878124999997
605,12120,-12412.878124999997
606,12140,-12412.878124999997
607,12160,-12412.878124999997
608,12180,-12412.878124999997
609,12200,-12412.878124999997
610,12220,-12412.878124999997
611,12240,-12412.878124999997
612,12260,-12412.878124999997
613,12280,-12412.878124999997
614,12300,-12412.878124999997
615,12320,-12412.878124999997
616,12340,-12412.878124999997
617,12360,-12412.878124999997
618,12380,-12412.878124999997
619,12400,-12412.878124999997
620,12420,-12412.878124999997
621,12440,-12412.878124999997
622,12460,-12412.878124999997
623,12480,-12412.878124999997
624,12500,-12412.878124999997
625,12520,-12412.878124999997
626,12540,-12412.878124999997
627,12560,-12412.878124999997
628,12580,-12412.878124999997
629,12600,-12409.328281249997
630,12620,-12404.640281249998
631,12640,-12391.206599999998
632,12660,-12370.315904999998
633,12680,-12350.696942749997
634,12700,-12320.826772949998
635,12720,-12289.97438711
636,12740,-12259.549353438
637,12760,-12219.084795250401
638,12780,-12160.47267995032
639,12800,-12085.916112710256
640,12820,-12002.136327668204
641,12840,-11900.240312134563
642,12860,-11792.55256220765
643,12880,-11685.56548726612
644,12900,-11562.358796062896
645,12920,-11440.901255600318
646,12940,-11314.366316980253
647,12960,-11173.785397334203
648,12980,-11024.20113036736
649,13000,-10848.74590429389
650,13020,-10672.429848435111
651,13040,-10505.226691248088
652,13060,-10331.65604049847
653,13080,-10165.056551148777
654,13100,-10002.815240919022
655,13120,-9846.422817735218
656,13140,-9708.581379188174
657,13160,-9585.138072100539
658,13180,-9469.718113930432
659,13200,-9353.125584894346
660,13220,-9232.042186665476
661,13240,-9108.66843683238
662,13260,-8972.270999465905
663,13280,-8822.101018322724
664,13300,-8670.35143965818
665,13320,-8510.726932976544
666,13340,-8349.464515131236
667,13360,-8193.02989335499
668,13380,-8054.146727183992
669,13400,-7922.546756747194
670,13420,-7807.501155397756
671,13440,-7691.3726430682045
672,13460,-7586.922489454564
673,13480,-7494.223616563651
674,13500,-7418.999830750921
675,13520,-7352.789552100738
676,13540,-7295.62773543059
677,13560,-7242.538907094472
678,13580,-7194.040031925577
679,13600,-7152.824525540462
680,13620,-7113.86680793237
681,13640,-7082.213446345896
682,13660,-7049.053257076717
683,13680,-7019.623699411373
684,13700,-6990.895209529099
685,13720,-6966.859605123279
686,13740,-6946.8226840986235
687,13760,-6929.324241028899
688,13780,-6909.60111157312
689,13800,-6895.405420508496
690,13820,-6882.8749614067965
691,13840,-6868.910125375437
692,13860,-6858.222631550349
693,13880,-6847.415292740279
694,13900,-6838.213952942223
695,13920,-6826.953506103779
696,13940,-6818.007804883023
697,13960,-6809.657650156418
698,13980,-6802.302526375135
699,14000,-6795.603114850108
700,14020,-6790.439523130087
701,14040,-6784.63255600407
702,14060,-6780.553388553256
703,14080,-6774.585210842605
704,14100,-6767.919574924084
705,14120,-6761.544409939268
706,14140,-6756.064277951415
707,14160,-6752.269234861132
708,14180,-6748.645231638906
709,14200,-6746.796341561125
710,14220,-6745.0892607489
711,14240,-6743.53828359912
712,14260,-6742.597658129296
713,14280,-6742.090939003438
714,14300,-6741.57275120275
715,14320,-6739.8789822122
716,14340,-6738.465842019759
717,14360,-6736.976267365807
718,14380,-6734.077576392646
719,14400,-6732.993467364117
720,14420,-6731.249773891293
721,14440,-6731.719037863035
722,14460,-6732.053980290429
723,14480,-6732.468496732343
724,14500,-6732.464016135875
725,14520,-6731.6321504087
726,14540,-6733.09384532696
727,14560,-6734.445388761568
728,14580,-6735.169904759255
729,14600,-6734.241705057403
730,14620,-6731.345551545923
731,14640,-6727.8572224867385
732,14660,-6724.851559239391
733,14680,-6723.524841141513
734,14700,-6724.30752916321
735,14720,-6723.766492080569
736,14740,-6723.892256164456
737,14760,-6724.258804931565
738,14780,-6724.557512695252
739,14800,-6723.674760156201
740,14820,-6724.356526874961
741,14840,-6722.4288152499685
742,14860,-6722.2191459499745
743,14880,-6724.69187925998
744,14900,-6725.648190907985
745,14920,-6728.0205839763885
746,14940,-6730.115685931111
747,14960,-6731.891142494889
748,14980,-6736.423695245911
749,15000,-6738.91333119673
750,15020,-6742.919883707384
751,15040,-6744.779344465907
752,15060,-6748.576444322726
753,15080,-6751.000686708181
754,15100,-6753.036174366545
755,15120,-6755.414251993237
756,15140,-6758.33233909459
757,15160,-6759.934621275672
758,15180,-6761.180978270538
759,15200,-6762.4652513664305
760,15220,-6762.430951093144
761,15240,-6763.182417124515
762,15260,-6763.148746199613
763,15280,-6763.40430945969
764,15300,-6766.009385067752
765,15320,-6767.955789304202
766,15340,-6769.267756443362
767,15360,-6771.155611404689
768,15380,-6771.927145373751
769,15400,-6773.290778799002
770,15420,-6774.054341789201
771,15440,-6773.509098431361
772,15460,-6773.492122495089
773,15480,-6773.656197996072
774,15500,-6771.010895896858
775,15520,-6768.734966717486
776,15540,-6765.678442123989
777,15560,-6761.575097449191
778,15580,-6759.177890459353
779,15600,-6755.118406117483
780,15620,-6752.225193643986
781,15640,-6750.660936165189
782,15660,-6748.070780182152
783,15680,-6746.226311645722
784,15700,-6746.5549555665775
785,15720,-6746.995214453262
786,15740,-6746.36273406261
787,15760,-6747.462374750088
788,15780,-6748.600212300071
789,15800,-6747.957513590056
790,15820,-6747.337260872045
791,15840,-6748.040121197636
792,15860,-6748.430690708109
793,15880,-6749.623302566488
794,15900,-6750.06770455319
795,15920,-6749.739007392553
796,15940,-6747.367455914043
797,15960,-6746.484902231234
798,15980,-6745.868390534987
799,16000,-6744.19893117799
800,16020,-6739.5949261923915
801,16040,-6737.541878453913
802,16060,-6733.867565263131
803,16080,-6730.500458460505
804,16100,-6728.598179268404
805,16120,-6725.801512164724
806,16140,-6723.76542848178
807,16160,-6720.612655285424
808,16180,-6717.971061728339
809,16200,-6717.718255632672
810,16220,-6716.377885756137
811,16240,-6713.281371104909
812,16260,-6711.8661906339275
813,16280,-6709.708108757141
814,16300,-6706.815080755713
815,16320,-6704.067689604571
816,16340,-6701.258682933657
817,16360,-6700.131633846926
818,16380,-6699.853588327542
819,16400,-6699.250058162033
820,16420,-6698.906921529627
821,16440,-6699.8585059737015
822,16460,-6700.440242278962
823,16480,-6701.051725073169
824,16500,-6701.752473808536
825,16520,-6702.630104046829
826,16540,-6702.540020737463
827,16560,-6701.278110339971
828,16580,-6698.716238271977
829,16600,-6698.289553117582
830,16620,-6696.437267494066
831,16640,-6696.044345245253
832,16660,-6695.410944946203
833,16680,-6695.284068456962
834,16700,-6695.10209851557
835,16720,-6697.065272562457
836,16740,-6698.248624299966
837,16760,-6699.1734306899725
838,16780,-6699.895307051978
839,16800,-6700.768120641583
840,16820,-6701.788871513266
841,16840,-6703.678909710613
842,16860,-6704.78453401849
843,16880,-6704.589814714792
844,16900,-6704.8513830218335
845,16920,-6703.196575167467
846,16940,-6703.230385133973
847,16960,-6702.936964357179
848,16980,-6701.610508985743
849,17000,-6698.457782188594
850,17020,-6696.469819500875
851,17040,-6694.6106993507
852,17060,-6694.26418448056
853,17080,-6693.207597584448
854,17100,-6692.438734317559
855,17120,-6691.651143704047
856,17140,-6691.185446213238
857,17160,-6692.967731970591
858,17180,-6693.764810576473
859,17200,-6694.673567211178
860,17220,-6696.039947518942
861,17240,-6696.450864265154
862,17260,-6697.665847662123
863,17280,-6698.342365629699
864,17300,-6698.024986253759
865,17320,-6697.803895253008
866,17340,-6698.789366202406
867,17360,-6700.104617961925
868,17380,-6700.66072561954
869,17400,-6701.2781117456325
870,17420,-6701.850458146506
871,17440,-6702.159116517205
872,17460,-6701.417761963764
873,17480,-6703.156709571012
874,17500,-6704.42989890681
875,17520,-6706.828606625448
876,17540,-6708.458197800359
877,17560,-6709.477183240288
878,17580,-6710.27955909223
879,17600,-6710.780834773784
880,17620,-6710.726230319027
881,17640,-6708.791296755222
882,17660,-6707.494443654177
883,17680,-6706.446804923342
884,17700,-6704.8647876886735
885,17720,-6703.316986400939
886,17740,-6703.351089120752
887,17760,-6702.761652546601
888,17780,-6702.243540787281
889,17800,-6702.025926379824
890,17820,-6701.664022353859
891,17840,-6701.262155383087
892,17860,-6700.8537868064695
893,17880,-6700.454748195176
894,17900,-6698.36411105614
895,17920,-6696.750663844912
896,17940,-6694.24631232593
897,17960,-6690.658768610745
898,17980,-6689.5210773885965
899,18000,-6687.734205660878
900,18020,-6686.134708278702
901,18040,-6685.148704122962
902,18060,-6682.694588298369
903,18080,-6680.649889388696
904,18100,-6679.922880260957
905,18120,-6680.014241708765
906,18140,-6677.929362117013
907,18160,-6676.82052094361
908,18180,-6676.399073004888
909,18200,-6675.388477153911
910,18220,-6675.637187973129
911,18240,-6676.535375378504
912,18260,-6677.2753315528025
913,18280,-6677.213077742243
914,18300,-6678.346243443794
915,18320,-6679.410432255036
916,18340,-6678.113502054028
917,18360,-6677.295489143223
918,18380,-6676.3695163145785
919,18400,-6676.211394301663
920,18420,-6675.37864669133
921,18440,-6673.811042353063
922,18460,-6673.5271151324505
923,18480,-6671.640129605961
924,18500,-6671.520697434769
925,18520,-6671.700307947815
926,18540,-6672.992590108252
927,18560,-6670.907822086602
928,18580,-6670.873913919282
929,18600,-6671.080693635426
930,18620,-6671.471898658341
931,18640,-6669.920331426673
932,18660,-6669.676265141339
933,18680,-6669.456480863071
934,18700,-6668.868153440457
935,18720,-6669.247804002366
936,18740,-6668.559180701893
937,18760,-6668.279063311515
938,18780,-6667.8996568992125
939,18800,-6667.4422255193695
940,18820,-6667.158311665496
941,18840,-6666.688993082396
942,18860,-6666.330256965917
943,18880,-6666.418424322734
944,18900,-6666.988958208187
945,18920,-6666.976322816549
946,18940,-6667.066995753239
947,18960,-6667.885471602591
948,18980,-6668.013533532073
949,19000,-6669.375826825659
950,19020,-6669.846755210527
951,19040,-6669.879279168422
952,19060,-6670.128423334737
953,19080,-6671.608207417789
954,19100,-6673.305628434231
955,19120,-6674.8641902473855
956,19140,-6675.666977197909
957,19160,-6675.907956758327
958,19180,-6675.4544904066615
959,19200,-6674.495936075329
960,19220,-6675.313623860264
961,19240,-6675.523086588211
962,19260,-6676.530969270569
963,19280,-6676.864150416455
964,19300,-6677.522882833164
965,19320,-6678.051118766531
966,19340,-6679.140426263224
967,19360,-6679.54749726058
968,19380,-6680.397685308464
969,19400,-6680.387835746771
970,19420,-6679.909174847417
971,19440,-6679.9109336279325
972,19460,-6679.710621902346
973,19480,-6679.7042787718765
974,19500,-6679.844048017501
975,19520,-6679.476488414001
976,19540,-6678.845096981202
977,19560,-6679.340140084962
978,19580,-6678.89695581797
979,19600,-6679.211002154376
980,19620,-6681.7375517235005
981,19640,-6685.0041038788
982,19660,-6687.05672060304
983,19680,-6686.970376482433
984,19700,-6687.897394935946
985,19720,-6689.719634698757
986,19740,-6690.233520259006
987,19760,-6690.496816207205
988,19780,-6691.428546715764
989,19800,-6692.026274872612
990,19820,-6692.987738648089
991,19840,-6692.504565918471
992,19860,-6692.035683984776
993,19880,-6692.826672187822
994,19900,-6692.581650250258
995,19920,-6690.882976450206
996,19940,-6688.962162410166
997,19960,-6687.560979928133
998,19980,-6687.331752692507
999,20000,-6685.341964654006
1000,20020,-6684.672946723205
1001,20040,-6682.267419878564
1002,20060,-6680.111592152852
1003,20080,-6677.036461222282
1004,20100,-6674.690418977826
1005,20120,-6671.131710182261
1006,20140,-6669.1294306458085
1007,20160,-6666.267450766647
1008,20180,-6664.9353668633175
1009,20200,-6663.920012240655
1010,20220,-6663.494603542524
1011,20240,-6661.925995334019
1012,20260,-6660.702515017215
1013,20280,-6661.217480763771
1014,20300,-6661.9852346110165
1015,20320,-6662.399125188813
1016,20340,-6661.30961265105
1017,20360,-6661.38878387084
1018,20380,-6661.418995846671
1019,20400,-6661.104727927337
1020,20420,-6661.83081359187
1021,20440,-6662.406682123496
1022,20460,-6662.599408198797
1023,20480,-6663.5060890590385
1024,20500,-6663.38237124723
1025,20520,-6663.549646997784
1026,20540,-6661.842998848228
1027,20560,-6661.6176803285825
1028,20580,-6660.953988012866
1029,20600,-6659.566315410292
1030,20620,-6659.438364828235
1031,20640,-6659.031473112587
1032,20660,-6659.44127224007
1033,20680,-6659.741455292056
1034,20700,-6659.352851733645
1035,20720,-6659.227437636917
1036,20740,-6659.302418859534
1037,20760,-6658.825060087626
1038,20780,-6658.858485570101
1039,20800,-6658.48631970608
1040,20820,-6659.218118264864
1041,20840,-6659.240432111891
1042,20860,-6658.694845689513
1043,20880,-6658.137751551611
1044,20900,-6657.692388741289
1045,20920,-6657.978910993031
1046,20940,-6659.8817225444245
1047,20960,-6660.6394405355395
1048,20980,-6661.256864928431
1049,21000,-6661.871898192745
1050,21020,-6662.891424804196
1051,21040,-6663.894702343357
1052,21060,-6664.337480624686
1053,21080,-6665.350609499748
1054,21100,-6666.561112599798
1055,21120,-6667.572483829838
1056,21140,-6668.3745495638705
1057,21160,-6668.861983401097
1058,21180,-6669.259586720878
1059,21200,-6669.862669376703
1060,21220,-6668.347948001362
1061,21240,-6667.05492090109
1062,21260,-6665.159874220872
1063,21280,-6664.413055626697
1064,21300,-6663.046382001357
1065,21320,-6662.722261851086
1066,21340,-6663.295621980868
1067,21360,-6663.881966334695
1068,21380,-6664.366354317756
1069,21400,-6665.636677204206
1070,21420,-6666.827623013365
1071,21440,-6666.944442160692
1072,21460,-6667.353991228554
1073,21480,-6667.941161732843
1074,21500,-6669.146991886275
1075,21520,-6669.38462475902
1076,21540,-6670.526449807216
1077,21560,-6670.470691095773
1078,21580,-6670.601552876618
1079,21600,-6670.745617301295
1080,21620,-6669.4493063410355
1081,21640,-6668.713820072829
1082,21660,-6667.188243558263
1083,21680,-6665.277157346611
1084,21700,-6664.226257127289
1085,21720,-6664.170849451831
1086,21740,-6664.399335811464
1087,21760,-6663.469937399172
1088,21780,-6661.681106169338
1089,21800,-6661.26238493547
1090,21820,-6661.870689198377
1091,21840,-6662.095770108701
1092,21860,-6660.934272336961
1093,21880,-6660.5288241195685
1094,21900,-6660.127278045655
1095,21920,-6660.646822436524
1096,21940,-6660.975270449219
1097,21960,-6661.474122609376
1098,21980,-6661.6397668375
1099,22000,-6661.78275097
1100,22020,-6662.242450776001
1101,22040,-6662.207866870801
1102,22060,-6661.381293496641
1103,22080,-6660.786753547313
1104,22100,-6660.68955908785
1105,22120,-6660.53695977028
1106,22140,-6659.888474066224
1107,22160,-6660.515779252979
1108,22180,-6660.524654652383
1109,22200,-6661.474723721906
1110,22220,-6661.573216477525
1111,22240,-6661.9202919320205
1112,22260,-6661.922327295616
1113,22280,-6663.117705586493
1114,22300,-6663.716195719194
1115,22320,-6663.257175325355
1116,22340,-6663.653865260285
1117,22360,-6663.728404708228
1118,22380,-6663.412723766582
1119,22400,-6662.538147763265
1120,22420,-6662.2173932106125
1121,22440,-6662.51375831849
1122,22460,-6662.761006654792
1123,22480,-6663.243805323834
1124,22500,-6663.412075509067
1125,22520,-6662.429035407255
1126,22540,-6661.467915825804
1127,22560,-6661.324020160644
1128,22580,-6661.514372378516
1129,22600,-6661.352591652812
1130,22620,-6661.49410457225
1131,22640,-6661.254971157799
1132,22660,-6661.10803942624
1133,22680,-6661.015025290992
1134,22700,-6660.959363982794
1135,22720,-6661.215616186235
1136,22740,-6661.749211698988
1137,22760,-6661.03530685919
1138,22780,-6660.863557987352
1139,22800,-6660.228971389882
1140,22820,-6659.596145861906
1141,22840,-6658.815041689524
1142,22860,-6658.47000210162
1143,22880,-6659.290532931296
1144,22900,-6659.9405513450365
1145,22920,-6661.1075973260295
1146,22940,-6662.503109110824
1147,22960,-6663.7688935386595
1148,22980,-6666.250271080928
1149,23000,-6668.116623114742
1150,23020,-6669.231735991794
1151,23040,-6670.951326293435
1152,23060,-6673.269342284748
1153,23080,-6674.125005077798
1154,23100,-6674.690160312239
1155,23120,-6674.64900324979
1156,23140,-6674.856702599833
1157,23160,-6674.498330829866
1158,23180,-6674.089445913893
1159,23200,-6674.706556731114
1160,23220,-6675.669932884891
1161,23240,-6676.534852557913
1162,23260,-6676.886319546331
1163,23280,-6677.669055637065
1164,23300,-6677.4446195096525
1165,23320,-6677.571320607722
1166,23340,-6678.092212736177
1167,23360,-6677.928457688942
1168,23380,-6678.067141151154
1169,23400,-6677.617931670924
1170,23420,-6677.568095336739
1171,23440,-6677.479163769392
1172,23460,-6677.208018515514
1173,23480,-6677.092039812411
1174,23500,-6677.042069349929
1175,23520,-6675.162874229944
1176,23540,-6675.183736883955
1177,23560,-6675.019489507164
1178,23580,-6675.276841605731
1179,23600,-6675.344598284585
1180,23620,-6675.5167723776685
1181,23640,-6675.820917902134
1182,23660,-6676.2865780717075
1183,23680,-6676.759106207366
1184,23700,-6677.726034965893
1185,23720,-6678.775827972715
1186,23740,-6679.108162378172
1187,23760,-6678.850592402538
1188,23780,-6679.11828642203
1189,23800,-6679.262285387625
1190,23820,-6679.4520158101
1191,23840,-6679.697081398081
1192,23860,-6679.612508868464
1193,23880,-6679.199225844771
1194,23900,-6678.414536925817
1195,23920,-6677.624598290653
1196,23940,-6675.650303632523
1197,23960,-6674.041961656019
1198,23980,-6672.512788074816
1199,24000,-6671.0036679598525
1200,24020,-6669.838403117882
1201,24040,-6668.865409994306
1202,24060,-6669.203421745445
1203,24080,-6669.497112396356
1204,24100,-6669.650033667085
1205,24120,-6669.594870683668
1206,24140,-6668.820271546934
1207,24160,-6667.854498487547
1208,24180,-6667.972973790038
1209,24200,-6667.97166028203
1210,24220,-6668.172015725624
1211,24240,-6667.714487580499
1212,24260,-6668.953465064399
1213,24280,-6670.18902205152
1214,24300,-6671.732467641215
1215,24320,-6672.991130362972
1216,24340,-6673.722748040378
1217,24360,-6674.369917182303
1218,24380,-6676.104371245842
1219,24400,-6677.5424032466735
1220,24420,-6678.10345384734
1221,24440,-6678.136981827872
1222,24460,-6678.210991712298
1223,24480,-6678.239262119839
1224,24500,-6679.360159695871
1225,24520,-6679.716877756697
1226,24540,-6680.204752205357
1227,24560,-6681.430364264286
1228,24580,-6682.4108539114295
1229,24600,-6682.949464379144
1230,24620,-6683.168321503315
1231,24640,-6683.647157202653
1232,24660,-6684.281944512123
1233,24680,-6684.577586859698
1234,24700,-6683.725194487759
1235,24720,-6682.393593090207
1236,24740,-6680.755968222165
1237,24760,-6679.295399577732
1238,24780,-6678.280538412185
1239,24800,-6677.6264619797485
1240,24820,-6676.634607083799
1241,24840,-6676.53440441704
1242,24860,-6676.307054783631
1243,24880,-6675.950643826905
1244,24900,-6676.179890061524
1245,24920,-6676.38906829922
1246,24940,-6676.454692139376
1247,24960,-6676.776253711501
1248,24980,-6676.749127969201
1249,25000,-6676.2825836253605
1250,25020,-6675.909348150289
1251,25040,-6674.6491972702315
1252,25060,-6674.110607816186
1253,25080,-6673.679736252949
1254,25100,-6673.545351502359
1255,25120,-6673.437843701888
1256,25140,-6672.98964996151
1257,25160,-6672.477969969207
1258,25180,-6672.217844725366
1259,25200,-6672.073494530293
1260,25220,-6671.065670624234
1261,25240,-6670.575505249387
1262,25260,-6670.17399794951
1263,25280,-6669.744042109607
1264,25300,-6671.117577437686
1265,25320,-6672.499374450149
1266,25340,-6673.188093310118
1267,25360,-6673.369224648094
1268,25380,-6672.647254718476
1269,25400,-6672.115303774781
1270,25420,-6671.756305519824
1271,25440,-6670.855356915859
1272,25460,-6669.605691782687
1273,25480,-6668.3333034261495
1274,25500,-6667.71226774092
1275,25520,-6667.450439192736
1276,25540,-6668.094570104188
1277,25560,-6667.869874833351
1278,25580,-6667.416681116681
1279,25600,-6667.668813643344
1280,25620,-6667.2166134146755
1281,25640,-6666.46422823174
1282,25660,-6665.910132585392
1283,25680,-6665.149199818314
1284,25700,-6664.545922354651
1285,25720,-6664.2122066337215
1286,25740,-6663.9389840569775
1287,25760,-6663.590249745582
1288,25780,-6663.409387296466
1289,25800,-6664.035791087173
1290,25820,-6663.933164119738
1291,25840,-6664.11293754579
1292,25860,-6664.813787536633
1293,25880,-6665.677748779306
1294,25900,-6664.963761523445
1295,25920,-6664.219759218756
1296,25940,-6663.905182375005
1297,25960,-6664.532270900005
1298,25980,-6664.820347970004
1299,26000,-6664.1228408760035
1300,26020,-6663.257960200803
1301,26040,-6663.125118160642
1302,26060,-6663.567750778513
1303,26080,-6664.639200622811
1304,26100,-6665.430422998248
1305,26120,-6666.601213398599
1306,26140,-6668.2375332188785
1307,26160,-6669.811745325103
1308,26180,-6671.452052510083
1309,26200,-6672.018673258067
1310,26220,-6671.499157356453
1311,26240,-6671.827763385162
1312,26260,-6671.58752320813
1313,26280,-6671.621424816504
1314,26300,-6671.253702353203
1315,26320,-6671.492649382562
1316,26340,-6671.69115075605
1317,26360,-6672.638233104841
1318,26380,-6674.083398983872
1319,26400,-6675.398125437097
1320,26420,-6676.237719099678
1321,26440,-6676.906581529742
1322,26460,-6677.354952723794
1323,26480,-6677.035524679035
1324,26500,-6676.105294743228
1325,26520,-6675.648610794583
1326,26540,-6675.017169885667
1327,26560,-6674.252485908533
1328,26580,-6674.111207476826
1329,26600,-6674.413028481461
1330,26620,-6674.642141535169
1331,26640,-6675.136213228135
1332,26660,-6675.371001832507
1333,26680,-6675.740082716006
1334,26700,-6675.976128672804
1335,26720,-6675.528090438243
1336,26740,-6675.164972350594
1337,26760,-6674.597759130475
1338,26780,-6673.74117605438
1339,26800,-6672.925128343504
1340,26820,-6672.987602674803
1341,26840,-6672.828675889843
1342,26860,-6672.8602844618745
1343,26880,-6672.6851025695
1344,26900,-6672.544957055599
1345,26920,-6672.432840644479
1346,26940,-6672.8279912655835
1347,26960,-6673.347705512467
1348,26980,-6673.647383159973
1349,27000,-6674.333844027979
1350,27020,-6674.982231472382
1351,27040,-6675.856566427906
1352,27060,-6676.496971892324
1353,27080,-6676.304296263859
1354,27100,-6676.071874511088
1355,27120,-6675.944530858871
1356,27140,-6676.040780937097
1357,27160,-6675.804499749678
1358,27180,-6675.171881049743
1359,27200,-6673.9114110897945
1360,27220,-6672.320847621835
1361,27240,-6670.506053097469
1362,27260,-6669.2737487279755
1363,27280,-6668.96509273238
1364,27300,-6668.350355435904
1365,27320,-6668.4727843487235
1366,27340,-6668.567289978979
1367,27360,-6669.093831983183
1368,27380,-6669.8745968365465
1369,27400,-6670.0712399692375
1370,27420,-6669.855898225391
1371,27440,-6669.683624830313
1372,27460,-6670.03455611425
1373,27480,-6670.7213948914
1374,27500,-6671.27086591312
1375,27520,-6671.516848980496
1376,27540,-6671.499729184397
1377,27560,-6671.436345847518
1378,27580,-6670.6423579280145
1379,27600,-6668.173105092412
1380,27620,-6666.86067157393
1381,27640,-6665.722443509144
1382,27660,-6664.322329807315
1383,27680,-6663.806770095853
1384,27700,-6663.961353576682
1385,27720,-6664.202676611346
1386,27740,-6664.153860039077
1387,27760,-6664.042306781262
1388,27780,-6663.917282925009
1389,27800,-6663.593045090007
1390,27820,-6664.128498572005
1391,27840,-6664.392642607604
1392,27860,-6664.603957836083
1393,27880,-6665.041916268867
1394,27900,-6665.074939265093
1395,27920,-6664.718076412075
1396,27940,-6664.25164862966
1397,27960,-6663.6706939037285
1398,27980,-6662.3412426229825
1399,28000,-6662.200806598386
1400,28020,-6661.701895278709
1401,28040,-6662.158859972968
1402,28060,-6663.925994228374
1403,28080,-6664.9120453827
1404,28100,-6665.87244880616
1405,28120,-6666.754834044928
1406,28140,-6667.823398485943
1407,28160,-6669.279343788754
1408,28180,-6670.117693781003
1409,28200,-6670.456030024802
1410,28220,-6670.906230269841
1411,28240,-6670.8431092158735
1412,28260,-6670.901987372699
1413,28280,-6669.019246148159
1414,28300,-6667.375553168527
1415,28320,-6665.846536284822
1416,28340,-6664.449885277858
1417,28360,-6663.236783222286
1418,28380,-6662.370364077829
1419,28400,-6661.463947512264
1420,28420,-6661.375689259811
1421,28440,-6661.119457657849
1422,28460,-6661.50572237628
1423,28480,-6662.4119216510235
1424,28500,-6663.332037320819
1425,28520,-6663.580004856655
1426,28540,-6665.194160135325
1427,28560,-6666.76360935826
1428,28580,-6666.815574986607
1429,28600,-6666.841834989286
1430,28620,-6667.101280491429
1431,28640,-6667.289461893143
1432,28660,-6667.388288264515
1433,28680,-6667.417036861611
1434,28700,-6665.783004489289
1435,28720,-6665.041091091432
1436,28740,-6664.602716623145
1437,28760,-6665.147017048516
1438,28780,-6665.939644888813
1439,28800,-6666.54874716105
1440,28820,-6666.85118522884
1441,28840,-6666.965479433073
1442,28860,-6667.2850397964585
1443,28880,-6667.193188087167
1444,28900,-6666.282831719734
1445,28920,-6665.566890375787
1446,28940,-6665.05116855063
1447,28960,-6665.0984348405045
1448,28980,-6666.152810372404
1449,29000,-6666.990373297924
1450,29020,-6666.785423638339
1451,29040,-6667.237870160671
1452,29060,-6667.423264878536
1453,29080,-6668.047361902829
1454,29100,-6668.308358272263
1455,29120,-6667.83387411781
1456,29140,-6667.454286794248
1457,29160,-6666.783898185398
1458,29180,-6666.543056048319
1459,29200,-6666.804288588655
1460,29220,-6666.252024620924
1461,29240,-6666.360369696739
1462,29260,-6666.162358257392
1463,29280,-6666.636292855914
1464,29300,-6666.658878034732
1465,29320,-6666.998508677785
1466,29340,-6667.204588192228
1467,29360,-6667.562420553782
1468,29380,-6668.032436443026
1469,29400,-6669.111574154422
1470,29420,-6670.054571823537
1471,29440,-6670.37568870883
1472,29460,-6670.150082217065
1473,29480,-6670.061628273652
1474,29500,-6670.6322713689215
1475,29520,-6670.051129595137
1476,29540,-6669.46434117611
1477,29560,-6668.911472940888
1478,29580,-6669.935740852711
1479,29600,-6669.586405182168
1480,29620,-6669.619749145734
1481,29640,-6669.561111816588
1482,29660,-6669.9420144532705
1483,29680,-6670.050174062617
1484,29700,-6670.319045500093
1485,29720,-6670.330548900074
1486,29740,-6670.213970370059
1487,29760,-6669.920551296047
1488,29780,-6669.314722286837
1489,29800,-6668.51380907947
1490,29820,-6668.425734763576
1491,29840,-6668.059337810861
1492,29860,-6667.839501498688
1493,29880,-6668.22441369895
1494,29900,-6669.52671845916
1495,29920,-6670.666843517328
1496,29940,-6671.833474813862
1497,29960,-6672.726779851089
1498,29980,-6673.411580130872
1499,30000,-6673.133482854698
1500,30020,-6672.469286283758
1501,30040,-6671.851366527007
1502,30060,-6672.335936971605
1503,30080,-6673.467812077284
1504,30100,-6673.8992496618275
1505,30120,-6673.439555979462
1506,30140,-6672.736332283569
1507,30160,-6673.678909576855
1508,30180,-6673.660940161485
1509,30200,-6671.777033379188
1510,30220,-6671.68162670335
1511,30240,-6671.67452011268
1512,30260,-6671.842584840144
1513,30280,-6671.185317872115
1514,30300,-6671.628410547692
1515,30320,-6671.415540938153
1516,30340,-6670.448526500522
1517,30360,-6669.4785087004175
1518,30380,-6668.224369460334
1519,30400,-6667.094183068268
1520,30420,-6665.825346454614
1521,30440,-6664.738558413692
1522,30460,-6663.484284230954
1523,30480,-6662.788677384762
1524,30500,-6663.00141065781
1525,30520,-6664.201909776249
1526,30540,-6665.3960590709985
1527,30560,-6665.738253506799
1528,30580,-6665.80169655544
1529,30600,-6665.713075994352
1530,30620,-6665.308117045482
1531,30640,-6665.178524886385
1532,30660,-6665.168132409109
1533,30680,-6665.141380927287
1534,30700,-6665.1279484918305
1535,30720,-6665.0236087934645
1536,30740,-6665.130137034772
1537,30760,-6664.878640877818
1538,30780,-6663.983537702255
1539,30800,-6664.017455161804
1540,30820,-6663.983339129443
1541,30840,-6664.702452553554
1542,30860,-6664.894618292844
1543,30880,-6664.480694634275
1544,30900,-6663.569086957421
1545,30920,-6662.900894565937
1546,30940,-6663.727278152749
1547,30960,-6663.8090100222
1548,30980,-6663.801270517761
1549,31000,-6664.481016414208
1550,31020,-6664.678875631366
1551,31040,-6664.724663005092
1552,31060,-6665.644105404073
1553,31080,-6666.447940573259
1554,31100,-6666.894446208607
1555,31120,-6667.234463216886
1556,31140,-6667.2708518235095
1557,31160,-6667.454181458807
1558,31180,-6667.819595167046
1559,31200,-6668.702863633637
1560,31220,-6669.68166590691
1561,31240,-6671.145488975528
1562,31260,-6671.784047430422
1563,31280,-6673.2263004443375
1564,31300,-6674.244165355471
1565,31320,-6675.478457284376
1566,31340,-6676.433390827501
1567,31360,-6675.927806412001
1568,31380,-6674.9099013796
1569,31400,-6674.859327353681
1570,31420,-6674.791055632944
1571,31440,-6675.820500756356
1572,31460,-6676.300619355085
1573,31480,-6676.649089234068
1574,31500,-6677.144896387254
1575,31520,-6677.5926358598035
1576,31540,-6677.903796187843
1577,31560,-6677.810380700274
1578,31580,-6677.41955456022
1579,31600,-6677.066737398176
1580,31620,-6676.784483668542
1581,31640,-6676.639618184834
1582,31660,-6676.598100797868
1583,31680,-6676.747699388295
1584,31700,-6676.301597010635
1585,31720,-6675.195652608509
1586,31740,-6673.567928336806
1587,31760,-6672.061530169445
1588,31780,-6671.219849135556
1589,31800,-6670.1035355584445
1590,31820,-6669.931890946756
1591,31840,-6669.910512757404
1592,31860,-6669.893410205923
1593,31880,-6669.738165664738
1594,31900,-6669.808188781791
1595,31920,-6669.864207275433
1596,31940,-6669.389022070346
1597,31960,-6669.156686406277
1598,31980,-6668.633942875022
1599,32000,-6668.527310550017
1600,32020,-6668.9443484400135
1601,32040,-6669.14813500201
1602,32060,-6669.051945501608
1603,32080,-6669.618118901287
1604,32100,-6670.565901371029
1605,32120,-6672.366314846823
1606,32140,-6673.352270627458
1607,32160,-6674.479941501966
1608,32180,-6674.857546951573
1609,32200,-6675.456193811258
1610,32220,-6676.387923799007
1611,32240,-6675.752839039205
1612,32260,-6674.510864981364
1613,32280,-6673.809629485091
1614,32300,-6672.498953588073
1615,32320,-6671.8127566204585
1616,32340,-6671.204267796367
1617,32360,-6670.403882987094
1618,32380,-6669.155762639675
1619,32400,-6668.05054761174
1620,32420,-6667.507625589392
1621,32440,-6667.157037971513
1622,32460,-6667.232192877211
1623,32480,-6666.5470043017685
1624,32500,-6666.2551034414155
1625,32520,-6666.247520253133
1626,32540,-6666.487859952506
1627,32560,-6666.784662962005
1628,32580,-6666.550542869604
1629,32600,-6666.439340545683
1630,32620,-6665.918347436547
1631,32640,-6665.630927949238
1632,32660,-6665.482398609391
1633,32680,-6665.114512637513
1634,32700,-6664.593328860011
1635,32720,-6664.176381838009
1636,32740,-6663.842824220407
1637,32760,-6663.575978126326
1638,32780,-6663.362501251061
1639,32800,-6663.974219750849
1640,32820,-6664.94093830068
1641,32840,-6664.896031890544
1642,32860,-6664.860106762435
1643,32880,-6665.147147909947
1644,32900,-6665.080687077958
1645,32920,-6664.6904871623665
1646,32940,-6665.290202229893
1647,32960,-6665.170286783915
1648,32980,-6664.969354427132
1649,33000,-6664.260483541706
1650,33020,-6664.531043083365
1651,33040,-6664.709053216693
1652,33060,-6665.069898823354
1653,33080,-6665.616544058684
1654,33100,-6665.905422746948
1655,33120,-6666.089963197558
1656,33140,-6667.736814308047
1657,33160,-6669.059920196437
1658,33180,-6670.308873657149
1659,33200,-6672.1724114257195
1660,33220,-6673.262929140576
1661,33240,-6673.631749562461
1662,33260,-6674.036649649968
1663,33280,-6674.456975969975
1664,33300,-6674.67386202598
1665,33320,-6674.910027120784
1666,33340,-6675.257552946628
1667,33360,-6674.605417357302
1668,33380,-6673.448552635841
1669,33400,-6672.397279608673
1670,33420,-6671.9071986869385
1671,33440,-6672.134665199551
1672,33460,-6672.2446071596405
1673,33480,-6672.290373227713
1674,33500,-6672.2863610821705
1675,33520,-6672.348776365736
1676,33540,-6672.6108960925885
1677,33560,-6673.818248124071
1678,33580,-6674.212254749256
1679,33600,-6674.136366299405
1680,33620,-6674.534874289524
1681,33640,-6674.605555681619
1682,33660,-6675.025538295295
1683,33680,-6675.540274386235
1684,33700,-6675.055500758988
1685,33720,-6674.388463107191
1686,33740,-6673.602957985752
1687,33760,-6673.2506476386025
1688,33780,-6672.968799360882
1689,33800,-6672.6289457387065
1690,33820,-6672.417219090965
1691,33840,-6672.247837772772
1692,33860,-6672.112332718218
1693,33880,-6672.057834924574
1694,33900,-6672.06970543966
1695,33920,-6671.949826851727
1696,33940,-6671.651892731383
1697,33960,-6671.3982329351065
1698,33980,-6671.328117598086
1699,34000,-6671.227181578469
1700,34020,-6671.007839012776
1701,34040,-6671.489396210221
1702,34060,-6671.464173218177
1703,34080,-6671.724619824542
1704,34100,-6671.932977109634
1705,34120,-6672.099662937707
1706,34140,-6672.221449100166
1707,34160,-6672.172159280132
1708,34180,-6672.014133674106
1709,34200,-6671.048806939285
1710,34220,-6669.745920551428
1711,34240,-6669.141423941142
1712,34260,-6668.603764152914
1713,34280,-6668.5141050723305
1714,34300,-6668.637846557865
1715,34320,-6668.743245996292
1716,34340,-6668.706159297034
1717,34360,-6668.362114937628
1718,34380,-6668.092035700102
1719,34400,-6667.6351910600815
1720,34420,-6667.184246598065
1721,34440,-6667.158022278452
1722,34460,-6667.643292822762
1723,34480,-6667.9211967582105
1724,34500,-6667.870082406569
1725,34520,-6667.197003425255
1726,34540,-6666.6607277402045
1727,34560,-6666.286394692163
1728,34580,-6665.564115753731
1729,34600,-6664.816917602985
1730,34620,-6663.848065332388
1731,34640,-6663.0940772659105
1732,34660,-6662.518386812728
1733,34680,-6662.057834450183
1734,34700,-6661.916423810147
1735,34720,-6661.555170298117
1736,34740,-6660.856011238494
1737,34760,-6660.423402740795
1738,34780,-6659.472940942635
1739,34800,-6659.639602754109
1740,34820,-6659.464807203287
1741,34840,-6659.191377012629
1742,34860,-6658.972632860104
1743,34880,-6658.144668788083
1744,34900,-6657.990891280467
1745,34920,-6657.972244274373
1746,34940,-6658.396545419499
1747,34960,-6660.405673835599
1748,34980,-6662.222507818479
1749,35000,-6663.7008187547835
1750,35020,-6665.530186253827
1751,35040,-6666.5899302530615
1752,35060,-6667.71913170245
1753,35080,-6668.13968036196
1754,35100,-6667.480338039568
1755,35120,-6666.548332931654
1756,35140,-6665.674135095323
1757,35160,-6665.256964326259
1758,35180,-6665.509477711006
1759,35200,-6665.683675918805
1760,35220,-6666.778346985045
1761,35240,-6666.609240088036
1762,35260,-6666.550517070429
1763,35280,-6665.899788656343
1764,35300,-6666.061237175074
1765,35320,-6665.706177240059
1766,35340,-6665.986973042047
1767,35360,-6666.1622346836375
1768,35380,-6666.832131496911
1769,35400,-6666.986173947529
1770,35420,-6667.060657908024
1771,35440,-6667.202588826419
1772,35460,-6666.968946061135
1773,35480,-6666.747656848908
1774,35500,-6666.108750479127
1775,35520,-6665.931844133302
1776,35540,-6665.965162806641
1777,35560,-6666.175255245314
1778,35580,-6666.115985446251
1779,35600,-6667.0726321070015
1780,35620,-6666.817324435601
1781,35640,-6667.204484548481
1782,35660,-6667.033275138785
1783,35680,-6666.1619326110285
1784,35700,-6665.348921088823
1785,35720,-6664.896011871058
1786,35740,-6665.192121996847
1787,35760,-6664.960416347478
1788,35780,-6664.840989327982
1789,35800,-6663.967166462386
1790,35820,-6663.268108169908
1791,35840,-6662.909017785927
1792,35860,-6662.735182978742
1793,35880,-6662.471115132994
1794,35900,-6662.259860856395
1795,35920,-6661.775701185116
1796,35940,-6661.364623448093
1797,35960,-6661.557480008475
1798,35980,-6662.01051525678
1799,20,-10618.22890625
1800,40,-10540.04296875
1801,60,-10732.340625
1802,80,-10590.10625
1803,100,-10123.55859375
1804,120,-9691.09453125
1805,140,-9672.62734375
1806,160,-9056.6578125
1807,180,-8513.3359375
1808,200,-8271.4109375
1809,220,-7993.84375
1810,240,-7907.56328125
1811,260,-7820.1921875
1812,280,-7750.23984375
1813,300,-7667.5984375
1814,320,-7593.4015625
1815,340,-7538.08125
1816,360,-7425.0296875
1817,380,-7413.465625
1818,400,-7342.94609375
1819,420,-7260.8875
1820,440,-7212.87890625
1821,460,-7154.71015625
1822,480,-7144.5953125
1823,500,-7054.7671875
1824,520,-7059.22734375
1825,540,-7073.8296875
1826,560,-7024.1546875
1827,580,-7029.59140625
1828,600,-7007.234375
1829,620,-6995.44140625
1830,640,-7013.40078125
1831,660,-7001.30078125
1832,680,-6977.4703125
1833,700,-6991.66875
1834,720,-6976.7484375
1835,740,-6974.740625
1836,760,-6970.83671875
1837,780,-6965.496875
1838,800,-6963.696875
1839,820,-6977.58828125
1840,840,-6999.8359375
1841,860,-6996.975
1842,880,-7012.92265625
1843,900,-7015.01484375
1844,920,-7009.6375
1845,940,-7041.44921875
1846,960,-7083.9296875
1847,980,-7084.009375
1848,1000,-7088.11015625
1849,1020,-7079.13515625
1850,1040,-7088.81640625
1851,1060,-7087.98125
1852,1080,-7085.87421875
1853,1100,-7078.4109375
1854,1120,-7076.92421875
1855,1140,-7090.384375
1856,1160,-7110.10859375
1857,1180,-7122.76796875
1858,1200,-7136.603125
1859,1220,-7134.37734375
1860,1240,-7143.56953125
1861,1260,-7156.2171875
1862,1280,-7154.26640625
1863,1300,-7150.7765625
1864,1320,-7170.44453125
1865,1340,-7180.45546875
1866,1360,-7188.8078125
1867,1380,-7190.9953125
1868,1400,-7193.4890625
1869,1420,-7187.29921875
1870,1440,-7196.5765625
1871,1460,-7197.06796875
1872,1480,-7179.3484375
1873,1500,-7176.08046875
1874,1520,-7169.49765625
1875,1540,-7169.49765625
1876,1560,-7173.32890625
1877,1580,-7171.9640625
1878,1600,-7170.73203125
1879,1620,-7187.553125
1880,1640,-7185.15234375
1881,1660,-7182.4296875
1882,1680,-7181.07265625
1883,1700,-7185.46875
1884,1720,-7190.2109375
1885,1740,-7184.575
1886,1760,-7187.43984375
1887,1780,-7191.878125
1888,1800,-7191.878125
1889,1820,-7204.634375
1890,1840,-7202.86484375
1891,1860,-7204.8765625
1892,1880,-7190.27421875
1893,1900,-7190.89140625
1894,1920,-7187.5578125
1895,1940,-7194.05078125
1896,1960,-7190.30546875
1897,1980,-7181.90625
1898,2000,-7160.85390625
1899,2020,-7159.2015625
1900,2040,-7159.2015625
1901,2060,-7163.9640625
1902,2080,-7166.49453125
1903,2100,-7164.17421875
1904,2120,-7162.86015625
1905,2140,-7162.86015625
1906,2160,-7157.13359375
1907,2180,-7143.27734375
1908,2200,-7141.98359375
1909,2220,-7138.05
1910,2240,-7133.10078125
1911,2260,-7132.93984375
1912,2280,-7147.8421875
1913,2300,-7153.73828125
1914,2320,-7148.97890625
1915,2340,-7147.36953125
1916,2360,-7153.58828125
1917,2380,-7160.490625
1918,2400,-7164.89921875
1919,2420,-7142.9734375
1920,2440,-7161.75078125
1921,2460,-7171.05546875
1922,2480,-7146.74609375
1923,2500,-7156.18359375
1924,2520,-7149.36875
1925,2540,-7158.53984375
1926,2560,-7149.7390625
1927,2580,-7155.6296875
1928,2600,-7152.1796875
1929,2620,-7152.0359375
1930,2640,-7152.0359375
1931,2660,-7143.94765625
1932,2680,-7148.44609375
1933,2700,-7148.44609375
1934,2720,-7159.5390625
1935,2740,-7154.23671875
1936,2760,-7153.21484375
1937,2780,-7156.1375
1938,2800,-7151.5390625
1939,2820,-7150.4984375
1940,2840,-7138.2140625
1941,2860,-7144.98515625
1942,2880,-7144.3703125
1943,2900,-7144.7921875
1944,2920,-7144.7921875
1945,2940,-7132.43515625
1946,2960,-7120.88515625
1947,2980,-7126.0078125
1948,3000,-7126.540625
1949,3020,-7120.678125
1950,3040,-7136.01171875
1951,3060,-7136.86640625
1952,3080,-7143.18046875
1953,3100,-7142.84765625
1954,3120,-7159.359375
1955,3140,-7159.984375
1956,3160,-7149.11484375
1957,3180,-7174.9765625
1958,3200,-7157.71484375
1959,3220,-7185.17109375
1960,3240,-7193.42890625
1961,3260,-7179.509375
1962,3280,-7177.49921875
1963,3300,-7173.04140625
1964,3320,-7182.00546875
1965,3340,-7185.15078125
1966,3360,-7175.8234375
1967,3380,-7175.45234375
1968,3400,-7178.18203125
1969,3420,-7171.71484375
1970,3440,-7167.9609375
1971,3460,-7176.17578125
1972,3480,-7172.76484375
1973,3500,-7169.0234375
1974,3520,-7154.84140625
1975,3540,-7152.3640625
1976,3560,-7140.953125
1977,3580,-7130.00390625
1978,3600,-7121.71640625
1979,3620,-7121.71640625
1980,3640,-7113.05703125
1981,3660,-7103.81328125
1982,3680,-7091.76171875
1983,3700,-7112.41328125
1984,3720,-7120.065625
1985,3740,-7121.84609375
1986,3760,-7106.18515625
1987,3780,-7100.28046875
1988,3800,-7095.60859375
1989,3820,-7097.0859375
1990,3840,-7099.3546875
1991,3860,-7109.2265625
1992,3880,-7092.81171875
1993,3900,-7081.3375
1994,3920,-7076.1015625
1995,3940,-7057.3625
1996,3960,-7072.078125
1997,3980,-7070.14296875
1998,4000,-7080.996875
1999,4020,-7084.11171875
2000,4040,-7066.15703125
2001,4060,-7056.93203125
2002,4080,-7062.14375
2003,4100,-7054.7515625
2004,4120,-7032.0171875
2005,4140,-7025.23984375
2006,4160,-7039.70078125
2007,4180,-7031.0625
2008,4200,-7019.14296875
2009,4220,-7015.665625
2010,4240,-7012.1046875
2011,4260,-7007.18828125
2012,4280,-7009.91328125
2013,4300,-7012.9359375
2014,4320,-7018.78984375
2015,4340,-7021.8140625
2016,4360,-7000.11484375
2017,4380,-6993.67890625
2018,4400,-6996.21640625
2019,4420,-6992.7609375
2020,4440,-6992.9921875
2021,4460,-6990.57734375
2022,4480,-6995.9859375
2023,4500,-6976.7828125
2024,4520,-6992.5296875
2025,4540,-6993.69921875
2026,4560,-6985.10234375
2027,4580,-6994.54296875
2028,4600,-6995.915625
2029,4620,-6985.60078125
2030,4640,-6976.73515625
2031,4660,-6961.38359375
2032,4680,-6962.178125
2033,4700,-6976.8953125
2034,4720,-6977.18515625
2035,4740,-6997.321875
2036,4760,-6989.259375
2037,4780,-6974.40625
2038,4800,-6974.52109375
2039,4820,-6967.28046875
2040,4840,-6971.6359375
2041,4860,-6971.3375
2042,4880,-6971.14453125
2043,4900,-6968.24765625
2044,4920,-6974.2296875
2045,4940,-6973.76171875
2046,4960,-6963.48984375
2047,4980,-6959.26328125
2048,5000,-6949.39921875
2049,5020,-6941.715625
2050,5040,-6941.50234375
2051,5060,-6939.63203125
2052,5080,-6943.2390625
2053,5100,-6929.8875
2054,5120,-6922.74296875
2055,5140,-6924.0015625
2056,5160,-6920.45546875
2057,5180,-6914.78203125
2058,5200,-6917.815625
2059,5220,-6918.0578125
2060,5240,-6919.17421875
2061,5260,-6919.5953125
2062,5280,-6939.625
2063,5300,-6943.9234375
2064,5320,-6929.590625
2065,5340,-6918.87578125
2066,5360,-6932.6171875
2067,5380,-6933.5734375
2068,5400,-6945.26640625
2069,5420,-6942.2359375
2070,5440,-6939.84375
2071,5460,-6934.86796875
2072,5480,-6921.83984375
2073,5500,-6912.3953125
2074,5520,-6903.21640625
2075,5540,-6904.6421875
2076,5560,-6900.3546875
2077,5580,-6917.61171875
2078,5600,-6920.19140625
2079,5620,-6918.2125
2080,5640,-6922.96796875
2081,5660,-6908.32265625
2082,5680,-6919.00078125
2083,5700,-6914.4890625
2084,5720,-6893.5625
2085,5740,-6894.95625
2086,5760,-6887.8
2087,5780,-6881.74609375
2088,5800,-6880.45078125
2089,5820,-6876.33828125
2090,5840,-6886.98671875
2091,5860,-6886.79140625
2092,5880,-6893.80625
2093,5900,-6900.2171875
2094,5920,-6889.890625
2095,5940,-6873.26171875
2096,5960,-6874.74296875
2097,5980,-6872.24453125
2098,6000,-6878.3734375
2099,6020,-6882.903125
2100,6040,-6888.6765625
2101,6060,-6879.07578125
2102,6080,-6878.728125
2103,6100,-6873.7171875
2104,6120,-6872.78671875
2105,6140,-6886.8296875
2106,6160,-6878.571875
2107,6180,-6888.54453125
2108,6200,-6876.08828125
2109,6220,-6876.49609375
2110,6240,-6873.43359375
2111,6260,-6883.971875
2112,6280,-6885.17734375
2113,6300,-6885.93515625
2114,6320,-6896.6625
2115,6340,-6900.22578125
2116,6360,-6889.32265625
2117,6380,-6898.03515625
2118,6400,-6911.184375
2119,6420,-6913.0796875
2120,6440,-6904.4703125
2121,6460,-6914.75859375
2122,6480,-6919.75
2123,6500,-6916.5078125
2124,6520,-6915.8
2125,6540,-6900.2015625
2126,6560,-6905.2546875
2127,6580,-6901.80078125
2128,6600,-6902.92734375
2129,6620,-6914.91796875
2130,6640,-6934.640625
2131,6660,-6930.05390625
2132,6680,-6944.68046875
2133,6700,-6932.14140625
2134,6720,-6926.94609375
2135,6740,-6922.49921875
2136,6760,-6920.30234375
2137,6780,-6928.75546875
2138,6800,-6918.759375
2139,6820,-6919.625
2140,6840,-6915.14765625
2141,6860,-6931.5453125
2142,6880,-6931.4484375
2143,6900,-6936.5859375
2144,6920,-6939.68828125
2145,6940,-6937.1265625
2146,6960,-6919.66875
2147,6980,-6911.353125
2148,7000,-6913.4890625
2149,7020,-6915.7
2150,7040,-6907.57734375
2151,7060,-6939.96484375
2152,7080,-6937.54453125
2153,7100,-6950.16640625
2154,7120,-6975.74140625
2155,7140,-6940.6046875
2156,7160,-6945.98203125
2157,7180,-6949.6859375
2158,7200,-6951.41875
2159,7220,-6931.7890625
2160,7240,-6961.0671875
2161,7260,-6963.83515625
2162,7280,-6955.165625
2163,7300,-6956.40546875
2164,7320,-6969.54765625
2165,7340,-6985.23359375
2166,7360,-6973.12265625
2167,7380,-6960.37890625
2168,7400,-6978.98046875
2169,7420,-7034.3765625
2170,7440,-7029.578125
2171,7460,-7081.26171875
2172,7480,-7062.8515625
2173,7500,-7054.6609375
2174,7520,-7070.18671875
2175,7540,-7085.596875
2176,7560,-7158.2
2177,7580,-7165.74609375
2178,7600,-7193.9078125
2179,7620,-7271.38515625
2180,7640,-7335.321875
2181,7660,-7326.603125
2182,7680,-7325.36953125
2183,7700,-7342.6640625
2184,7720,-7332.38671875
2185,7740,-7341.571875
2186,7760,-7394.346875
2187,7780,-7435.36328125
2188,7800,-7405.45390625
2189,7820,-7585.1734375
2190,7840,-7804.30546875
2191,7860,-7858.27109375
2192,7880,-7998.1390625
2193,7900,-7915.9390625
2194,7920,-8005.84375
2195,7940,-8285.34140625
2196,7960,-8283.90234375
2197,7980,-8511.95
2198,8000,-8558.48046875
2199,8020,-8667.38046875
2200,8040,-8909.5453125
2201,8060,-9047.76328125
2202,8080,-9270.05546875
2203,8100,-9414.9796875
2204,8120,-9711.1421875
2205,8140,-9789.765625
2206,8160,-9988.4953125
2207,8180,-10131.3859375
2208,8200,-10466.83203125
2209,8220,-10583.87734375
2210,8240,-10715.32265625
2211,8260,-10780.72265625
2212,8280,-10962.5890625
2213,8300,-11078.0765625
2214,8320,-11234.4546875
2215,8340,-11292.96953125
2216,8360,-11403.371875
2217,8380,-11459.7
2218,8400,-11571.95
2219,8420,-11656.0421875
2220,8440,-11773.6234375
2221,8460,-11860.7296875
2222,8480,-11884.28828125
2223,8500,-11956.315625
2224,8520,-11986.93828125
2225,8540,-12036.63828125
2226,8560,-12072.27109375
2227,8580,-12137.12734375
2228,8600,-12175.53984375
2229,8620,-12192.52265625
2230,8640,-12243.959375
2231,8660,-12271.21796875
2232,8680,-12297.6921875
2233,8700,-12324.60078125
2234,8720,-12348.39140625
2235,8740,-12356.36875
2236,8760,-12367.19609375
2237,8780,-12370.6765625
2238,8800,-12376.60234375
2239,8820,-12386.60546875
2240,8840,-12388.15234375
2241,8860,-12393.209375
2242,8880,-12403.95859375
2243,8900,-12403.95859375
2244,8920,-12403.95859375
2245,8940,-12406.9625
2246,8960,-12409.50546875
2247,8980,-12409.50546875
2248,9000,-12409.50546875
2249,9020,-12409.50546875
2250,9040,-12409.50546875
2251,9060,-12412.878125
2252,9080,-12412.878125
2253,9100,-12412.878125
2254,9120,-12412.878125
2255,9140,-12412.878125
2256,9160,-12412.878125
2257,9180,-12412.878125
2258,9200,-12412.878125
2259,9220,-12412.878125
2260,9240,-12412.878125
2261,9260,-12412.878125
2262,9280,-12412.878125
2263,9300,-12412.878125
2264,9320,-12412.878125
2265,9340,-12412.878125
2266,9360,-12412.878125
2267,9380,-12412.878125
2268,9400,-12412.878125
2269,9420,-12412.878125
2270,9440,-12412.878125
2271,9460,-12412.878125
2272,9480,-12412.878125
2273,9500,-12412.878125
2274,9520,-12412.878125
2275,9540,-12412.878125
2276,9560,-12412.878125
2277,9580,-12412.878125
2278,9600,-12412.878125
2279,9620,-12412.878125
2280,9640,-12412.878125
2281,9660,-12412.878125
2282,9680,-12412.878125
2283,9700,-12412.878125
2284,9720,-12412.878125
2285,9740,-12412.878125
2286,9760,-12412.878125
2287,9780,-12412.878125
2288,9800,-12412.878125
2289,9820,-12412.878125
2290,9840,-12412.878125
2291,9860,-12412.878125
2292,9880,-12412.878125
2293,9900,-12412.878125
2294,9920,-12412.878125
2295,9940,-12412.878125
2296,9960,-12412.878125
2297,9980,-12412.878125
2298,10000,-12412.878125
2299,10020,-12412.878125
2300,10040,-12412.878125
2301,10060,-12412.878125
2302,10080,-12412.878125
2303,10100,-12412.878125
2304,10120,-12412.878125
2305,10140,-12412.878125
2306,10160,-12412.878125
2307,10180,-12412.878125
2308,10200,-12412.878125
2309,10220,-12412.878125
2310,10240,-12412.878125
2311,10260,-12412.878125
2312,10280,-12412.878125
2313,10300,-12412.878125
2314,10320,-12412.878125
2315,10340,-12412.878125
2316,10360,-12412.878125
2317,10380,-12412.878125
2318,10400,-12412.878125
2319,10420,-12412.878125
2320,10440,-12412.878125
2321,10460,-12412.878125
2322,10480,-12412.878125
2323,10500,-12412.878125
2324,10520,-12412.878125
2325,10540,-12412.878125
2326,10560,-12412.878125
2327,10580,-12412.878125
2328,10600,-12412.878125
2329,10620,-12412.878125
2330,10640,-12412.878125
2331,10660,-12412.878125
2332,10680,-12412.878125
2333,10700,-12412.878125
2334,10720,-12412.878125
2335,10740,-12412.878125
2336,10760,-12412.878125
2337,10780,-12412.878125
2338,10800,-12412.878125
2339,10820,-12412.878125
2340,10840,-12412.878125
2341,10860,-12412.878125
2342,10880,-12412.878125
2343,10900,-12412.878125
2344,10920,-12412.878125
2345,10940,-12412.878125
2346,10960,-12412.878125
2347,10980,-12412.878125
2348,11000,-12412.878125
2349,11020,-12412.878125
2350,11040,-12412.878125
2351,11060,-12412.878125
2352,11080,-12412.878125
2353,11100,-12412.878125
2354,11120,-12412.878125
2355,11140,-12412.878125
2356,11160,-12412.878125
2357,11180,-12412.878125
2358,11200,-12412.878125
2359,11220,-12412.878125
2360,11240,-12412.878125
2361,11260,-12412.878125
2362,11280,-12412.878125
2363,11300,-12412.878125
2364,11320,-12412.878125
2365,11340,-12412.878125
2366,11360,-12412.878125
2367,11380,-12412.878125
2368,11400,-12412.878125
2369,11420,-12412.878125
2370,11440,-12412.878125
2371,11460,-12412.878125
2372,11480,-12412.878125
2373,11500,-12412.878125
2374,11520,-12412.878125
2375,11540,-12412.878125
2376,11560,-12412.878125
2377,11580,-12412.878125
2378,11600,-12412.878125
2379,11620,-12412.878125
2380,11640,-12412.878125
2381,11660,-12412.878125
2382,11680,-12412.878125
2383,11700,-12412.878125
2384,11720,-12412.878125
2385,11740,-12412.878125
2386,11760,-12412.878125
2387,11780,-12412.878125
2388,11800,-12412.878125
2389,11820,-12412.878125
2390,11840,-12412.878125
2391,11860,-12412.878125
2392,11880,-12412.878125
2393,11900,-12412.878125
2394,11920,-12412.878125
2395,11940,-12412.878125
2396,11960,-12412.878125
2397,11980,-12412.878125
2398,12000,-12412.878125
2399,12020,-12412.878125
2400,12040,-12412.878125
2401,12060,-12412.878125
2402,12080,-12412.878125
2403,12100,-12412.878125
2404,12120,-12412.878125
2405,12140,-12412.878125
2406,12160,-12412.878125
2407,12180,-12412.878125
2408,12200,-12412.878125
2409,12220,-12412.878125
2410,12240,-12412.878125
2411,12260,-12412.878125
2412,12280,-12412.878125
2413,12300,-12412.878125
2414,12320,-12412.878125
2415,12340,-12412.878125
2416,12360,-12412.878125
2417,12380,-12412.878125
2418,12400,-12412.878125
2419,12420,-12412.878125
2420,12440,-12412.878125
2421,12460,-12412.878125
2422,12480,-12412.878125
2423,12500,-12412.878125
2424,12520,-12412.878125
2425,12540,-12412.878125
2426,12560,-12412.878125
2427,12580,-12412.878125
2428,12600,-12395.12890625
2429,12620,-12385.88828125
2430,12640,-12337.471875
2431,12660,-12286.753125
2432,12680,-12272.22109375
2433,12700,-12201.34609375
2434,12720,-12166.56484375
2435,12740,-12137.84921875
2436,12760,-12057.2265625
2437,12780,-11926.02421875
2438,12800,-11787.68984375
2439,12820,-11667.0171875
2440,12840,-11492.65625
2441,12860,-11361.8015625
2442,12880,-11257.6171875
2443,12900,-11069.53203125
2444,12920,-10955.07109375
2445,12940,-10808.2265625
2446,12960,-10611.46171875
2447,12980,-10425.8640625
2448,13000,-10146.925
2449,13020,-9967.165625
2450,13040,-9836.4140625
2451,13060,-9637.3734375
2452,13080,-9498.65859375
2453,13100,-9353.85
2454,13120,-9220.853125
2455,13140,-9157.215625
2456,13160,-9091.36484375
2457,13180,-9008.03828125
2458,13200,-8886.75546875
2459,13220,-8747.70859375
2460,13240,-8615.1734375
2461,13260,-8426.68125
2462,13280,-8221.42109375
2463,13300,-8063.353125
2464,13320,-7872.22890625
2465,13340,-7704.41484375
2466,13360,-7567.29140625
2467,13380,-7498.6140625
2468,13400,-7396.146875
2469,13420,-7347.31875
2470,13440,-7226.85859375
2471,13460,-7169.121875
2472,13480,-7123.428125
2473,13500,-7118.1046875
2474,13520,-7087.9484375
2475,13540,-7066.98046875
2476,13560,-7030.18359375
2477,13580,-7000.04453125
2478,13600,-6987.9625
2479,13620,-6958.0359375
2480,13640,-6955.6
2481,13660,-6916.4125
2482,13680,-6901.90546875
2483,13700,-6875.98125
2484,13720,-6870.7171875
2485,13740,-6866.675
2486,13760,-6859.33046875
2487,13780,-6830.70859375
2488,13800,-6838.62265625
2489,13820,-6832.753125
2490,13840,-6813.05078125
2491,13860,-6815.47265625
2492,13880,-6804.1859375
2493,13900,-6801.40859375
2494,13920,-6781.91171875
2495,13940,-6782.225
2496,13960,-6776.25703125
2497,13980,-6772.88203125
2498,14000,-6768.80546875
2499,14020,-6769.78515625
2500,14040,-6761.4046875
2501,14060,-6764.23671875
2502,14080,-6750.7125
2503,14100,-6741.25703125
2504,14120,-6736.04375
2505,14140,-6734.14375
2506,14160,-6737.0890625
2507,14180,-6734.14921875
2508,14200,-6739.40078125
2509,14220,-6738.2609375
2510,14240,-6737.334375
2511,14260,-6738.83515625
2512,14280,-6740.0640625
2513,14300,-6739.5
2514,14320,-6733.10390625
2515,14340,-6732.81328125
2516,14360,-6731.01796875
2517,14380,-6722.4828125
2518,14400,-6728.65703125
2519,14420,-6724.275
2520,14440,-6733.59609375
2521,14460,-6733.39375
2522,14480,-6734.1265625
2523,14500,-6732.44609375
2524,14520,-6728.3046875
2525,14540,-6738.940625
2526,14560,-6739.8515625
2527,14580,-6738.06796875
2528,14600,-6730.52890625
2529,14620,-6719.7609375
2530,14640,-6713.90390625
2531,14660,-6712.82890625
2532,14680,-6718.21796875
2533,14700,-6727.43828125
2534,14720,-6721.60234375
2535,14740,-6724.3953125
2536,14760,-6725.725
2537,14780,-6725.75234375
2538,14800,-6720.14375
2539,14820,-6727.08359375
2540,14840,-6714.71796875
2541,14860,-6721.38046875
2542,14880,-6734.5828125
2543,14900,-6729.4734375
2544,14920,-6737.51015625
2545,14940,-6738.49609375
2546,14960,-6738.99296875
2547,14980,-6754.55390625
2548,15000,-6748.871875
2549,15020,-6758.94609375
2550,15040,-6752.2171875
2551,15060,-6763.76484375
2552,15080,-6760.69765625
2553,15100,-6761.178125
2554,15120,-6764.9265625
2555,15140,-6770.0046875
2556,15160,-6766.34375
2557,15180,-6766.16640625
2558,15200,-6767.60234375
2559,15220,-6762.29375
2560,15240,-6766.18828125
2561,15260,-6763.0140625
2562,15280,-6764.4265625
2563,15300,-6776.4296875
2564,15320,-6775.74140625
2565,15340,-6774.515625
2566,15360,-6778.70703125
2567,15380,-6775.01328125
2568,15400,-6778.7453125
2569,15420,-6777.10859375
2570,15440,-6771.328125
2571,15460,-6773.42421875
2572,15480,-6774.3125
2573,15500,-6760.4296875
2574,15520,-6759.63125
2575,15540,-6753.45234375
2576,15560,-6745.16171875
2577,15580,-6749.5890625
2578,15600,-6738.88046875
2579,15620,-6740.65234375
2580,15640,-6744.40390625
2581,15660,-6737.71015625
2582,15680,-6738.8484375
2583,15700,-6747.86953125
2584,15720,-6748.75625
2585,15740,-6743.8328125
2586,15760,-6751.8609375
2587,15780,-6753.1515625
2588,15800,-6745.38671875
2589,15820,-6744.85625
2590,15840,-6750.8515625
2591,15860,-6749.99296875
2592,15880,-6754.39375
2593,15900,-6751.8453125
2594,15920,-6748.42421875
2595,15940,-6737.88125
2596,15960,-6742.9546875
2597,15980,-6743.40234375
2598,16000,-6737.52109375
2599,16020,-6721.17890625
2600,16040,-6729.3296875
2601,16060,-6719.1703125
2602,16080,-6717.03203125
2603,16100,-6720.9890625
2604,16120,-6714.61484375
2605,16140,-6715.62109375
2606,16160,-6708.0015625
2607,16180,-6707.4046875
2608,16200,-6716.70703125
2609,16220,-6711.01640625
2610,16240,-6700.8953125
2611,16260,-6706.20546875
2612,16280,-6701.07578125
2613,16300,-6695.24296875
2614,16320,-6693.078125
2615,16340,-6690.02265625
2616,16360,-6695.6234375
2617,16380,-6698.74140625
2618,16400,-6696.8359375
2619,16420,-6697.534375
2620,16440,-6703.66484375
2621,16460,-6702.7671875
2622,16480,-6703.49765625
2623,16500,-6704.55546875
2624,16520,-6706.140625
2625,16540,-6702.1796875
2626,16560,-6696.23046875
2627,16580,-6688.46875
2628,16600,-6696.5828125
2629,16620,-6689.028125
2630,16640,-6694.47265625
2631,16660,-6692.87734375
2632,16680,-6694.7765625
2633,16700,-6694.37421875
2634,16720,-6704.91796875
2635,16740,-6702.98203125
2636,16760,-6702.87265625
2637,16780,-6702.7828125
2638,16800,-6704.259375
2639,16820,-6705.871875
2640,16840,-6711.2390625
2641,16860,-6709.20703125
2642,16880,-6703.8109375
2643,16900,-6705.89765625
2644,16920,-6696.57734375
2645,16940,-6703.365625
2646,16960,-6701.76328125
2647,16980,-6696.3046875
2648,17000,-6685.846875
2649,17020,-6688.51796875
2650,17040,-6687.17421875
2651,17060,-6692.878125
2652,17080,-6688.98125
2653,17100,-6689.36328125
2654,17120,-6688.50078125
2655,17140,-6689.32265625
2656,17160,-6700.096875
2657,17180,-6696.953125
2658,17200,-6698.30859375
2659,17220,-6701.50546875
2660,17240,-6698.09453125
2661,17260,-6702.52578125
2662,17280,-6701.0484375
2663,17300,-6696.75546875
2664,17320,-6696.91953125
2665,17340,-6702.73125
2666,17360,-6705.365625
2667,17380,-6702.88515625
2668,17400,-6703.74765625
2669,17420,-6704.13984375
2670,17440,-6703.39375
2671,17460,-6698.45234375
2672,17480,-6710.1125
2673,17500,-6709.52265625
2674,17520,-6716.4234375
2675,17540,-6714.9765625
2676,17560,-6713.553125
2677,17580,-6713.4890625
2678,17600,-6712.7859375
2679,17620,-6710.5078125
2680,17640,-6701.0515625
2681,17660,-6702.30703125
2682,17680,-6702.25625
2683,17700,-6698.53671875
2684,17720,-6697.12578125
2685,17740,-6703.4875
2686,17760,-6700.40390625
2687,17780,-6700.17109375
2688,17800,-6701.15546875
2689,17820,-6700.21640625
2690,17840,-6699.6546875
2691,17860,-6699.2203125
2692,17880,-6698.85859375
2693,17900,-6690.0015625
2694,17920,-6690.296875
2695,17940,-6684.22890625
2696,17960,-6676.30859375
2697,17980,-6684.9703125
2698,18000,-6680.58671875
2699,18020,-6679.73671875
2700,18040,-6681.2046875
2701,18060,-6672.878125
2702,18080,-6672.47109375
2703,18100,-6677.01484375
2704,18120,-6680.3796875
2705,18140,-6669.58984375
2706,18160,-6672.38515625
2707,18180,-6674.71328125
2708,18200,-6671.34609375
2709,18220,-6676.63203125
2710,18240,-6680.128125
2711,18260,-6680.23515625
2712,18280,-6676.9640625
2713,18300,-6682.87890625
2714,18320,-6683.6671875
2715,18340,-6672.92578125
2716,18360,-6674.0234375
2717,18380,-6672.665625
2718,18400,-6675.57890625
2719,18420,-6672.04765625
2720,18440,-6667.540625
2721,18460,-6672.39140625
2722,18480,-6664.0921875
2723,18500,-6671.04296875
2724,18520,-6672.41875
2725,18540,-6678.16171875
2726,18560,-6662.56875
2727,18580,-6670.73828125
2728,18600,-6671.9078125
2729,18620,-6673.03671875
2730,18640,-6663.7140625
2731,18660,-6668.7
2732,18680,-6668.57734375
2733,18700,-6666.51484375
2734,18720,-6670.76640625
2735,18740,-6665.8046875
2736,18760,-6667.15859375
2737,18780,-6666.38203125
2738,18800,-6665.6125
2739,18820,-6666.02265625
2740,18840,-6664.81171875
2741,18860,-6664.8953125
2742,18880,-6666.77109375
2743,18900,-6669.27109375
2744,18920,-6666.92578125
2745,18940,-6667.4296875
2746,18960,-6671.159375
2747,18980,-6668.52578125
2748,19000,-6674.825
2749,19020,-6671.73046875
2750,19040,-6670.009375
2751,19060,-6671.125
2752,19080,-6677.52734375
2753,19100,-6680.0953125
2754,19120,-6681.0984375
2755,19140,-6678.878125
2756,19160,-6676.871875
2757,19180,-6673.640625
2758,19200,-6670.66171875
2759,19220,-6678.584375
2760,19240,-6676.3609375
2761,19260,-6680.5625
2762,19280,-6678.196875
2763,19300,-6680.1578125
2764,19320,-6680.1640625
2765,19340,-6683.49765625
2766,19360,-6681.17578125
2767,19380,-6683.7984375
2768,19400,-6680.3484375
2769,19420,-6677.99453125
2770,19440,-6679.91796875
2771,19460,-6678.909375
2772,19480,-6679.67890625
2773,19500,-6680.403125
2774,19520,-6678.00625
2775,19540,-6676.31953125
2776,19560,-6681.3203125
2777,19580,-6677.12421875
2778,19600,-6680.4671875
2779,19620,-6691.84375
2780,19640,-6698.0703125
2781,19660,-6695.2671875
2782,19680,-6686.625
2783,19700,-6691.60546875
2784,19720,-6697.00859375
2785,19740,-6692.2890625
2786,19760,-6691.55
2787,19780,-6695.15546875
2788,19800,-6694.4171875
2789,19820,-6696.83359375
2790,19840,-6690.571875
2791,19860,-6690.16015625
2792,19880,-6695.990625
2793,19900,-6691.6015625
2794,19920,-6684.08828125
2795,19940,-6681.27890625
2796,19960,-6681.95625
2797,19980,-6686.41484375
2798,20000,-6677.3828125
2799,20020,-6681.996875
2800,20040,-6672.6453125
2801,20060,-6671.48828125
2802,20080,-6664.7359375
2803,20100,-6665.30625
2804,20120,-6656.896875
2805,20140,-6661.1203125
2806,20160,-6654.81953125
2807,20180,-6659.60703125
2808,20200,-6659.85859375
2809,20220,-6661.79296875
2810,20240,-6655.6515625
2811,20260,-6655.80859375
2812,20280,-6663.27734375
2813,20300,-6665.05625
2814,20320,-6664.0546875
2815,20340,-6656.9515625
2816,20360,-6661.70546875
2817,20380,-6661.53984375
2818,20400,-6659.84765625
2819,20420,-6664.73515625
2820,20440,-6664.71015625
2821,20460,-6663.3703125
2822,20480,-6667.1328125
2823,20500,-6662.8875
2824,20520,-6664.21875
2825,20540,-6655.01640625
2826,20560,-6660.71640625
2827,20580,-6658.29921875
2828,20600,-6654.015625
2829,20620,-6658.9265625
2830,20640,-6657.40390625
2831,20660,-6661.08046875
2832,20680,-6660.9421875
2833,20700,-6657.7984375
2834,20720,-6658.72578125
2835,20740,-6659.60234375
2836,20760,-6656.915625
2837,20780,-6658.9921875
2838,20800,-6656.99765625
2839,20820,-6662.1453125
2840,20840,-6659.3296875
2841,20860,-6656.5125
2842,20880,-6655.909375
2843,20900,-6655.9109375
2844,20920,-6659.125
2845,20940,-6667.49296875
2846,20960,-6663.6703125
2847,20980,-6663.7265625
2848,21000,-6664.33203125
2849,21020,-6666.96953125
2850,21040,-6667.9078125
2851,21060,-6666.10859375
2852,21080,-6669.403125
2853,21100,-6671.403125
2854,21120,-6671.61796875
2855,21140,-6671.5828125
2856,21160,-6670.81171875
2857,21180,-6670.85
2858,21200,-6672.275
2859,21220,-6662.2890625
2860,21240,-6661.8828125
2861,21260,-6657.5796875
2862,21280,-6661.42578125
2863,21300,-6657.5796875
2864,21320,-6661.42578125
2865,21340,-6665.5890625
2866,21360,-6666.22734375
2867,21380,-6666.30390625
2868,21400,-6670.71796875
2869,21420,-6671.59140625
2870,21440,-6667.41171875
2871,21460,-6668.9921875
2872,21480,-6670.28984375
2873,21500,-6673.9703125
2874,21520,-6670.33515625
2875,21540,-6675.09375
2876,21560,-6670.24765625
2877,21580,-6671.125
2878,21600,-6671.321875
2879,21620,-6664.2640625
2880,21640,-6665.771875
2881,21660,-6661.0859375
2882,21680,-6657.6328125
2883,21700,-6660.02265625
2884,21720,-6663.94921875
2885,21740,-6665.31328125
2886,21760,-6659.75234375
2887,21780,-6654.52578125
2888,21800,-6659.5875
2889,21820,-6664.30390625
2890,21840,-6662.99609375
2891,21860,-6656.28828125
2892,21880,-6658.90703125
2893,21900,-6658.52109375
2894,21920,-6662.725
2895,21940,-6662.2890625
2896,21960,-6663.46953125
2897,21980,-6662.30234375
2898,22000,-6662.3546875
2899,22020,-6664.08125
2900,22040,-6662.06953125
2901,22060,-6658.075
2902,22080,-6658.40859375
2903,22100,-6660.30078125
2904,22120,-6659.9265625
2905,22140,-6657.29453125
2906,22160,-6663.025
2907,22180,-6660.56015625
2908,22200,-6665.275
2909,22220,-6661.9671875
2910,22240,-6663.30859375
2911,22260,-6661.93046875
2912,22280,-6667.89921875
2913,22300,-6666.11015625
2914,22320,-6661.42109375
2915,22340,-6665.240625
2916,22360,-6664.0265625
2917,22380,-6662.15
2918,22400,-6659.03984375
2919,22420,-6660.934375
2920,22440,-6663.69921875
2921,22460,-6663.75
2922,22480,-6665.175
2923,22500,-6664.08515625
2924,22520,-6658.496875
2925,22540,-6657.6234375
2926,22560,-6660.7484375
2927,22580,-6662.27578125
2928,22600,-6660.70546875
2929,22620,-6662.06015625
2930,22640,-6660.2984375
2931,22660,-6660.5203125
2932,22680,-6660.64296875
2933,22700,-6660.73671875
2934,22720,-6662.240625
2935,22740,-6663.88359375
2936,22760,-6658.1796875
2937,22780,-6660.1765625
2938,22800,-6657.690625
2939,22820,-6657.06484375
2940,22840,-6655.690625
2941,22860,-6657.08984375
2942,22880,-6662.57265625
2943,22900,-6662.540625
2944,22920,-6665.77578125
2945,22940,-6668.08515625
2946,22960,-6668.83203125
2947,22980,-6676.17578125
2948,23000,-6675.58203125
2949,23020,-6673.6921875
2950,23040,-6677.8296875
2951,23060,-6682.54140625
2952,23080,-6677.54765625
2953,23100,-6676.95078125
2954,23120,-6674.484375
2955,23140,-6675.6875
2956,23160,-6673.06484375
2957,23180,-6672.45390625
2958,23200,-6677.175
2959,23220,-6679.5234375
2960,23240,-6679.99453125
2961,23260,-6678.2921875
2962,23280,-6680.8
2963,23300,-6676.546875
2964,23320,-6678.078125
2965,23340,-6680.17578125
2966,23360,-6677.2734375
2967,23380,-6678.621875
2968,23400,-6675.82109375
2969,23420,-6677.36875
2970,23440,-6677.1234375
2971,23460,-6676.1234375
2972,23480,-6676.628125
2973,23500,-6676.8421875
2974,23520,-6667.64609375
2975,23540,-6675.2671875
2976,23560,-6674.3625
2977,23580,-6676.30625
2978,23600,-6675.615625
2979,23620,-6676.20546875
2980,23640,-6677.0375
2981,23660,-6678.14921875
2982,23680,-6678.64921875
2983,23700,-6681.59375
2984,23720,-6682.975
2985,23740,-6680.4375
2986,23760,-6677.8203125
2987,23780,-6680.1890625
2988,23800,-6679.83828125
2989,23820,-6680.2109375
2990,23840,-6680.67734375
2991,23860,-6679.27421875
2992,23880,-6677.54609375
2993,23900,-6675.27578125
2994,23920,-6674.46484375
2995,23940,-6667.753125
2996,23960,-6667.60859375
2997,23980,-6666.39609375
2998,24000,-6664.9671875
2999,24020,-6665.17734375
3000,24040,-6664.9734375
3001,24060,-6670.55546875
3002,24080,-6670.671875
3003,24100,-6670.26171875
3004,24120,-6669.37421875
3005,24140,-6665.721875
3006,24160,-6663.99140625
3007,24180,-6668.446875
3008,24200,-6667.96640625
3009,24220,-6668.9734375
3010,24240,-6665.884375
3011,24260,-6673.909375
3012,24280,-6675.13125
3013,24300,-6677.90625
3014,24320,-6678.02578125
3015,24340,-6676.64921875
3016,24360,-6676.95859375
3017,24380,-6683.0421875
3018,24400,-6683.29453125
3019,24420,-6680.34765625
3020,24440,-6678.27109375
3021,24460,-6678.50703125
3022,24480,-6678.35234375
3023,24500,-6683.84375
3024,24520,-6681.14375
3025,24540,-6682.15625
3026,24560,-6686.3328125
3027,24580,-6686.3328125
3028,24600,-6685.10390625
3029,24620,-6684.04375
3030,24640,-6685.5625
3031,24660,-6686.82109375
3032,24680,-6685.76015625
3033,24700,-6680.315625
3034,24720,-6677.0671875
3035,24740,-6674.20546875
3036,24760,-6673.453125
3037,24780,-6674.22109375
3038,24800,-6675.01015625
3039,24820,-6672.6671875
3040,24840,-6676.13359375
3041,24860,-6675.39765625
3042,24880,-6674.525
3043,24900,-6677.096875
3044,24920,-6677.22578125
3045,24940,-6676.7171875
3046,24960,-6678.0625
3047,24980,-6676.640625
3048,25000,-6674.41640625
3049,25020,-6674.41640625
3050,25040,-6669.60859375
3051,25060,-6671.95625
3052,25080,-6671.95625
3053,25100,-6673.0078125
3054,25120,-6673.0078125
3055,25140,-6671.196875
3056,25160,-6670.43125
3057,25180,-6671.17734375
3058,25200,-6671.49609375
3059,25220,-6667.034375
3060,25240,-6668.61484375
3061,25260,-6668.56796875
3062,25280,-6668.02421875
3063,25300,-6676.61171875
3064,25320,-6678.0265625
3065,25340,-6675.94296875
3066,25360,-6674.09375
3067,25380,-6669.759375
3068,25400,-6669.9875
3069,25420,-6670.3203125
3070,25440,-6667.2515625
3071,25460,-6664.60703125
3072,25480,-6663.24375
3073,25500,-6665.228125
3074,25520,-6666.403125
3075,25540,-6670.67109375
3076,25560,-6666.97109375
3077,25580,-6665.60390625
3078,25600,-6668.67734375
3079,25620,-6665.4078125
3080,25640,-6663.4546875
3081,25660,-6663.69375
3082,25680,-6662.10546875
3083,25700,-6662.1328125
3084,25720,-6662.87734375
3085,25740,-6662.84609375
3086,25760,-6662.1953125
3087,25780,-6662.6859375
3088,25800,-6666.54140625
3089,25820,-6663.52265625
3090,25840,-6664.83203125
3091,25860,-6667.6171875
3092,25880,-6669.13359375
3093,25900,-6662.1078125
3094,25920,-6661.24375
3095,25940,-6662.646875
3096,25960,-6667.040625
3097,25980,-6665.97265625
3098,26000,-6661.3328125
3099,26020,-6659.7984375
3100,26040,-6662.59375
3101,26060,-6665.33828125
3102,26080,-6668.925
3103,26100,-6668.5953125
3104,26120,-6671.284375
3105,26140,-6674.7828125
3106,26160,-6676.10859375
3107,26180,-6678.01328125
3108,26200,-6674.28515625
3109,26220,-6669.42109375
3110,26240,-6673.1421875
3111,26260,-6670.6265625
3112,26280,-6671.75703125
3113,26300,-6669.7828125
3114,26320,-6672.4484375
3115,26340,-6672.48515625
3116,26360,-6676.4265625
3117,26380,-6679.8640625
3118,26400,-6680.65703125
3119,26420,-6679.59609375
3120,26440,-6679.58203125
3121,26460,-6679.1484375
3122,26480,-6675.7578125
3123,26500,-6672.384375
3124,26520,-6673.821875
3125,26540,-6672.49140625
3126,26560,-6671.19375
3127,26580,-6673.54609375
3128,26600,-6675.6203125
3129,26620,-6675.55859375
3130,26640,-6677.1125
3131,26660,-6676.31015625
3132,26680,-6677.21640625
3133,26700,-6676.9203125
3134,26720,-6673.7359375
3135,26740,-6673.7125
3136,26760,-6672.32890625
3137,26780,-6670.31484375
3138,26800,-6669.6609375
3139,26820,-6673.2375
3140,26840,-6672.19296875
3141,26860,-6672.98671875
3142,26880,-6671.984375
3143,26900,-6671.984375
3144,26920,-6671.984375
3145,26940,-6674.40859375
3146,26960,-6675.4265625
3147,26980,-6674.84609375
3148,27000,-6677.0796875
3149,27020,-6677.57578125
3150,27040,-6679.35390625
3151,27060,-6679.05859375
3152,27080,-6675.53359375
3153,27100,-6675.1421875
3154,27120,-6675.43515625
3155,27140,-6676.42578125
3156,27160,-6674.859375
3157,27180,-6672.64140625
3158,27200,-6668.86953125
3159,27220,-6665.95859375
3160,27240,-6663.246875
3161,27260,-6664.34453125
3162,27280,-6667.73046875
3163,27300,-6665.89140625
3164,27320,-6668.9625
3165,27340,-6668.9453125
3166,27360,-6671.2
3167,27380,-6672.99765625
3168,27400,-6670.8578125
3169,27420,-6668.99453125
3170,27440,-6668.99453125
3171,27460,-6671.43828125
3172,27480,-6673.46875
3173,27500,-6673.46875
3174,27520,-6672.50078125
3175,27540,-6671.43125
3176,27560,-6671.1828125
3177,27580,-6667.46640625
3178,27600,-6658.29609375
3179,27620,-6661.6109375
3180,27640,-6661.16953125
3181,27660,-6658.721875
3182,27680,-6661.74453125
3183,27700,-6664.5796875
3184,27720,-6665.16796875
3185,27740,-6663.95859375
3186,27760,-6663.59609375
3187,27780,-6663.4171875
3188,27800,-6662.29609375
3189,27820,-6666.2703125
3190,27840,-6665.44921875
3191,27860,-6665.44921875
3192,27880,-6666.79375
3193,27900,-6665.20703125
3194,27920,-6663.290625
3195,27940,-6662.3859375
3196,27960,-6661.346875
3197,27980,-6657.0234375
3198,28000,-6661.6390625
3199,28020,-6659.70625
3200,28040,-6663.98671875
3201,28060,-6670.99453125
3202,28080,-6668.85625
3203,28100,-6669.7140625
3204,28120,-6670.284375
3205,28140,-6672.09765625
3206,28160,-6675.103125
3207,28180,-6673.47109375
3208,28200,-6671.809375
3209,28220,-6672.70703125
3210,28240,-6670.590625
3211,28260,-6671.1375
3212,28280,-6661.48828125
3213,28300,-6660.80078125
3214,28320,-6659.73046875
3215,28340,-6658.86328125
3216,28360,-6658.384375
3217,28380,-6658.9046875
3218,28400,-6657.83828125
3219,28420,-6661.02265625
3220,28440,-6660.09453125
3221,28460,-6663.05078125
3222,28480,-6666.03671875
3223,28500,-6667.0125
3224,28520,-6664.571875
3225,28540,-6671.65078125
3226,28560,-6673.04140625
3227,28580,-6667.0234375
3228,28600,-6666.946875
3229,28620,-6668.1390625
3230,28640,-6668.0421875
3231,28660,-6667.78359375
3232,28680,-6667.53203125
3233,28700,-6659.246875
3234,28720,-6662.0734375
3235,28740,-6662.84921875
3236,28760,-6667.32421875
3237,28780,-6669.11015625
3238,28800,-6668.98515625
3239,28820,-6668.0609375
3240,28840,-6667.42265625
3241,28860,-6668.56328125
3242,28880,-6666.82578125
3243,28900,-6662.64140625
3244,28920,-6662.703125
3245,28940,-6662.98828125
3246,28960,-6665.2875
3247,28980,-6670.3703125
3248,29000,-6670.340625
3249,29020,-6665.965625
3250,29040,-6669.04765625
3251,29060,-6668.16484375
3252,29080,-6670.54375
3253,29100,-6669.35234375
3254,29120,-6665.9359375
3255,29140,-6665.9359375
3256,29160,-6664.10234375
3257,29180,-6665.5796875
3258,29200,-6667.84921875
3259,29220,-6664.04296875
3260,29240,-6666.79375
3261,29260,-6665.3703125
3262,29280,-6668.53203125
3263,29300,-6666.74921875
3264,29320,-6668.35703125
3265,29340,-6668.02890625
3266,29360,-6668.99375
3267,29380,-6669.9125
3268,29400,-6673.428125
3269,29420,-6673.8265625
3270,29440,-6671.66015625
3271,29460,-6669.24765625
3272,29480,-6669.7078125
3273,29500,-6672.91484375
3274,29520,-6667.7265625
3275,29540,-6667.1171875
3276,29560,-6666.7
3277,29580,-6674.0328125
3278,29600,-6668.1890625
3279,29620,-6669.753125
3280,29640,-6669.3265625
3281,29660,-6671.465625
3282,29680,-6670.4828125
3283,29700,-6671.39453125
3284,29720,-6670.3765625
3285,29740,-6669.74765625
3286,29760,-6668.746875
3287,29780,-6666.89140625
3288,29800,-6665.31015625
3289,29820,-6668.0734375
3290,29840,-6666.59375
3291,29860,-6666.96015625
3292,29880,-6669.7640625
3293,29900,-6674.7359375
3294,29920,-6675.22734375
3295,29940,-6676.5
3296,29960,-6676.3
3297,29980,-6676.15078125
3298,30000,-6672.02109375
3299,30020,-6669.8125
3300,30040,-6669.3796875
3301,30060,-6674.27421875
3302,30080,-6677.9953125
3303,30100,-6675.625
3304,30120,-6671.60078125
3305,30140,-6669.9234375
3306,30160,-6677.44921875
3307,30180,-6673.5890625
3308,30200,-6664.24140625
3309,30220,-6671.3
3310,30240,-6671.64609375
3311,30260,-6672.51484375
3312,30280,-6668.55625
3313,30300,-6673.40078125
3314,30320,-6670.5640625
3315,30340,-6666.58046875
3316,30360,-6665.5984375
3317,30380,-6663.2078125
3318,30400,-6662.5734375
3319,30420,-6660.75
3320,30440,-6660.39140625
3321,30460,-6658.4671875
3322,30480,-6660.00625
3323,30500,-6663.85234375
3324,30520,-6669.00390625
3325,30540,-6670.17265625
3326,30560,-6667.10703125
3327,30580,-6666.05546875
3328,30600,-6665.35859375
3329,30620,-6663.68828125
3330,30640,-6664.66015625
3331,30660,-6665.1265625
3332,30680,-6665.034375
3333,30700,-6665.07421875
3334,30720,-6664.60625
3335,30740,-6665.55625
3336,30760,-6663.87265625
3337,30780,-6660.403125
3338,30800,-6664.153125
3339,30820,-6663.846875
3340,30840,-6667.57890625
3341,30860,-6665.66328125
3342,30880,-6662.825
3343,30900,-6659.92265625
3344,30920,-6660.228125
3345,30940,-6667.0328125
3346,30960,-6664.1359375
3347,30980,-6663.7703125
3348,31000,-6667.2
3349,31020,-6665.4703125
3350,31040,-6664.9078125
3351,31060,-6669.321875
3352,31080,-6669.66328125
3353,31100,-6668.68046875
3354,31120,-6668.59453125
3355,31140,-6667.41640625
3356,31160,-6668.1875
3357,31180,-6669.28125
3358,31200,-6672.2359375
3359,31220,-6673.596875
3360,31240,-6677.00078125
3361,31260,-6674.33828125
3362,31280,-6678.9953125
3363,31300,-6678.315625
3364,31320,-6680.415625
3365,31340,-6680.253125
3366,31360,-6673.90546875
3367,31380,-6670.83828125
3368,31400,-6674.65703125
3369,31420,-6674.51796875
3370,31440,-6679.93828125
3371,31460,-6678.22109375
3372,31480,-6678.04296875
3373,31500,-6679.128125
3374,31520,-6679.38359375
3375,31540,-6679.1484375
3376,31560,-6677.43671875
3377,31580,-6675.85625
3378,31600,-6675.65546875
3379,31620,-6675.65546875
3380,31640,-6676.06015625
3381,31660,-6676.43203125
3382,31680,-6677.34609375
3383,31700,-6674.5171875
3384,31720,-6670.771875
3385,31740,-6667.05703125
3386,31760,-6666.0359375
3387,31780,-6667.853125
3388,31800,-6665.63828125
3389,31820,-6669.2453125
3390,31840,-6669.825
3391,31860,-6669.825
3392,31880,-6669.1171875
3393,31900,-6670.08828125
3394,31920,-6670.08828125
3395,31940,-6667.48828125
3396,31960,-6668.22734375
3397,31980,-6666.54296875
3398,32000,-6668.10078125
3399,32020,-6670.6125
3400,32040,-6669.96328125
3401,32060,-6668.6671875
3402,32080,-6671.8828125
3403,32100,-6674.35703125
3404,32120,-6679.56796875
3405,32140,-6677.29609375
3406,32160,-6678.990625
3407,32180,-6676.36796875
3408,32200,-6677.85078125
3409,32220,-6680.11484375
3410,32240,-6673.2125
3411,32260,-6669.54296875
3412,32280,-6671.0046875
3413,32300,-6667.25625
3414,32320,-6669.06796875
3415,32340,-6668.7703125
3416,32360,-6667.20234375
3417,32380,-6664.16328125
3418,32400,-6663.6296875
3419,32420,-6665.3359375
3420,32440,-6665.7546875
3421,32460,-6667.5328125
3422,32480,-6663.80625
3423,32500,-6665.0875
3424,32520,-6666.2171875
3425,32540,-6667.44921875
3426,32560,-6667.971875
3427,32580,-6665.6140625
3428,32600,-6665.99453125
3429,32620,-6663.834375
3430,32640,-6664.48125
3431,32660,-6664.88828125
3432,32680,-6663.64296875
3433,32700,-6662.50859375
3434,32720,-6662.50859375
3435,32740,-6662.50859375
3436,32760,-6662.50859375
3437,32780,-6662.50859375
3438,32800,-6666.42109375
3439,32820,-6668.8078125
3440,32840,-6664.71640625
3441,32860,-6664.71640625
3442,32880,-6666.2953125
3443,32900,-6664.81484375
3444,32920,-6663.1296875
3445,32940,-6667.6890625
3446,32960,-6664.690625
3447,32980,-6664.165625
3448,33000,-6661.425
3449,33020,-6665.61328125
3450,33040,-6665.42109375
3451,33060,-6666.51328125
3452,33080,-6667.803125
3453,33100,-6667.0609375
3454,33120,-6666.828125
3455,33140,-6674.32421875
3456,33160,-6674.35234375
3457,33180,-6675.3046875
3458,33200,-6679.6265625
3459,33220,-6677.625
3460,33240,-6675.10703125
3461,33260,-6675.65625
3462,33280,-6676.13828125
3463,33300,-6675.54140625
3464,33320,-6675.8546875
3465,33340,-6676.64765625
3466,33360,-6671.996875
3467,33380,-6668.82109375
3468,33400,-6668.1921875
3469,33420,-6669.946875
3470,33440,-6673.04453125
3471,33460,-6672.684375
3472,33480,-6672.4734375
3473,33500,-6672.2703125
3474,33520,-6672.5984375
3475,33540,-6673.659375
3476,33560,-6678.64765625
3477,33580,-6675.78828125
3478,33600,-6673.8328125
3479,33620,-6676.12890625
3480,33640,-6674.88828125
3481,33660,-6676.70546875
3482,33680,-6677.59921875
3483,33700,-6673.11640625
3484,33720,-6671.7203125
3485,33740,-6670.4609375
3486,33760,-6671.84140625
3487,33780,-6671.84140625
3488,33800,-6671.26953125
3489,33820,-6671.5703125
3490,33840,-6671.5703125
3491,33860,-6671.5703125
3492,33880,-6671.83984375
3493,33900,-6672.1171875
3494,33920,-6671.4703125
3495,33940,-6670.46015625
3496,33960,-6670.38359375
3497,33980,-6671.04765625
3498,34000,-6670.8234375
3499,34020,-6670.13046875
3500,34040,-6673.415625
3501,34060,-6671.36328125
3502,34080,-6672.76640625
3503,34100,-6672.76640625
3504,34120,-6672.76640625
3505,34140,-6672.70859375
3506,34160,-6671.975
3507,34180,-6671.38203125
3508,34200,-6667.1875
3509,34220,-6664.534375
3510,34240,-6666.7234375
3511,34260,-6666.453125
3512,34280,-6668.15546875
3513,34300,-6669.1328125
3514,34320,-6669.16484375
3515,34340,-6668.5578125
3516,34360,-6666.9859375
3517,34380,-6667.01171875
3518,34400,-6665.8078125
3519,34420,-6665.38046875
3520,34440,-6667.053125
3521,34460,-6669.584375
3522,34480,-6669.0328125
3523,34500,-6667.665625
3524,34520,-6664.5046875
3525,34540,-6664.515625
3526,34560,-6664.7890625
3527,34580,-6662.675
3528,34600,-6661.828125
3529,34620,-6659.97265625
3530,34640,-6660.078125
3531,34660,-6660.215625
3532,34680,-6660.215625
3533,34700,-6661.35078125
3534,34720,-6660.11015625
3535,34740,-6658.059375
3536,34760,-6658.69296875
3537,34780,-6655.67109375
3538,34800,-6660.30625
3539,34820,-6658.765625
3540,34840,-6658.09765625
3541,34860,-6658.09765625
3542,34880,-6654.8328125
3543,34900,-6657.37578125
3544,34920,-6657.89765625
3545,34940,-6660.09375
3546,34960,-6668.4421875
3547,34980,-6669.48984375
3548,35000,-6669.6140625
3549,35020,-6672.84765625
3550,35040,-6670.82890625
3551,35060,-6672.2359375
3552,35080,-6669.821875
3553,35100,-6664.84296875
3554,35120,-6662.8203125
3555,35140,-6662.17734375
3556,35160,-6663.58828125
3557,35180,-6666.51953125
3558,35200,-6666.38046875
3559,35220,-6671.15703125
3560,35240,-6665.9328125
3561,35260,-6666.315625
3562,35280,-6663.296875
3563,35300,-6666.70703125
3564,35320,-6664.2859375
3565,35340,-6667.11015625
3566,35360,-6666.86328125
3567,35380,-6669.51171875
3568,35400,-6667.60234375
3569,35420,-6667.35859375
3570,35440,-6667.7703125
3571,35460,-6666.034375
3572,35480,-6665.8625
3573,35500,-6663.553125
3574,35520,-6665.22421875
3575,35540,-6666.0984375
3576,35560,-6667.015625
3577,35580,-6665.87890625
3578,35600,-6670.89921875
3579,35620,-6665.79609375
3580,35640,-6668.753125
3581,35660,-6666.3484375
3582,35680,-6662.6765625
3583,35700,-6662.096875
3584,35720,-6663.084375
3585,35740,-6666.3765625
3586,35760,-6664.03359375
3587,35780,-6664.36328125
3588,35800,-6660.471875
3589,35820,-6660.471875
3590,35840,-6661.47265625
3591,35860,-6662.03984375
3592,35880,-6661.41484375
3593,35900,-6661.41484375
3594,35920,-6659.8390625
3595,35940,-6659.7203125
3596,35960,-6662.32890625
3597,35980,-6663.82265625
